id,edad,fecha_alta,codigo_activacion,genero,cohorte
f35b44f6-4e7b-43a4-97a3-581c9bb1af6b,72,14/1/2021,345B,Male,example com
0fe1c506-0e62-4d10-81de-d0fd23077262,72,13/9/2022,012A,Male,testdomain net
9ef3fe87-0521-4478-ab7d-7aeab16114a8,63,17/2/2022,789C,Female,testdomain net
dd204659-57a1-4bd8-9be9-3b9d1a7b2fe3,45,3/4/2022,345B,Female,dummywebsite org
68a616b7-019b-4dce-aa14-52f2bfae96c9,53,26/10/2022,012A,Female,testdomain net
88d213a0-6427-4f38-8e6c-2acae2300df8,53,27/6/2022,012A,Agender,testdomain net
6c79ea72-4efe-4163-9d05-b39002d49c19,60,30/3/2022,345B,Female,placeholderdomain info
193c451a-5f29-4f51-9e35-d966059d0370,33,1/12/2020,789C,Female,example com
85969163-9e01-4ed0-8b61-107a9a1b00de,31,9/2/2023,012A,Male,testdomain net
d9816205-f411-4756-8660-16221a372182,54,19/4/2023,345B,Male,testdomain net
6e20e104-6088-4d12-af42-9b4432a601d2,36,10/2/2021,789C,Female,testdomain net
c421f0bf-db46-4c5f-b29d-7ca6452db5ed,45,9/2/2023,012A,Female,dummywebsite org
7bf7e086-98a5-49a5-8518-5dbb306bc85d,67,15/5/2021,789C,Genderqueer,testdomain net
365dd5c8-bc2a-4400-a6b7-9fdb5278b838,53,30/8/2021,012A,Female,testdomain net
103646c7-bc2e-47cd-8d22-cdb4d7995879,48,17/4/2023,345B,Female,testdomain net
7bbb41ba-bdb1-4401-911b-5a94eb442edc,41,2/12/2020,345B,Female,dummywebsite org
689a7819-7af3-4b16-a3e3-f4a291372075,29,21/3/2021,345B,Female,placeholderdomain info
41002a79-bf9f-4616-883a-9d70fb46e8d6,39,13/8/2020,,Male,
aac116f8-9a0a-47b3-aad6-b56aa47525cb,80,7/12/2021,012A,Genderqueer,dummywebsite org
02f1f599-1db7-4feb-a1df-233bf387b4cf,40,14/7/2021,012A,Bigender,testdomain net
ff9b01ab-315f-46c9-9dca-4225455f5b8b,39,19/5/2023,,Female,
40248216-b915-4e00-9e81-f328b17086aa,57,15/5/2022,,Female,
a083a65a-804a-4cbe-a0ae-bad0f1d28ad0,49,15/6/2021,345B,Genderqueer,dummywebsite org
283009a8-6cff-4514-b9a2-6b9a4f06ae49,45,18/7/2020,012A,Male,testdomain net
afa1eadf-7e1d-40ca-b12d-a8aa67face5a,75,29/9/2021,789C,Female,dummywebsite org
3087c852-dbff-4875-a826-470324285731,39,23/1/2022,,Male,
d11f0b2f-1e44-4ff0-a94f-5208782f5e33,70,17/10/2020,789C,Female,example com
56b19328-7667-434a-ad18-d44290af2bfc,35,21/5/2023,012A,Female,testdomain net
96c5babc-bdff-4def-8c26-4b381485b11d,62,22/4/2022,789C,Genderfluid,testdomain net
1946de36-e5b7-4b4a-903e-02015cb81e4a,33,4/3/2021,,Female,
c1e2384c-4c52-4fd8-8731-f966b851a804,79,20/8/2022,,Female,
dde32b76-36e8-4eb6-af33-52385e6a364e,49,12/10/2022,,Female,
158aab62-644d-45f5-8b34-227266c0f778,42,6/5/2022,,Female,
8faacd97-b8bd-42c9-8e68-474fbbee084a,60,18/5/2023,012A,Male,testdomain net
3ca08f9c-95aa-4dc3-885b-8144218c94ed,29,15/3/2022,,Female,
2403e72a-0727-4fc6-81d5-ab468cf5ca32,72,16/4/2022,345B,Female,placeholderdomain info
126d3159-6356-4b88-b9a6-fb2805f9c609,38,27/2/2021,345B,Male,dummywebsite org
fa19b4fe-9f5e-45aa-bfb8-6c1d9c1f78f0,26,6/11/2021,012A,Genderfluid,dummywebsite org
a2fd1e81-d2bf-4093-88ea-e46518066f86,36,10/3/2022,,Male,
0185e469-e232-4271-a566-254b0fa9e8f7,59,4/1/2021,345B,Male,dummywebsite org
30496bfd-0dcb-46c5-9423-dc8ccd8f3344,63,17/4/2022,,Male,
4f848ecb-4b4f-401a-90f1-58d1dca0a4b2,40,29/10/2022,,Female,
8e677a64-9e8f-488f-bb3e-800af7caf2ef,64,30/6/2022,345B,Male,testdomain net
2a84adfd-b76d-4b96-b508-fca26bbaed4e,23,8/6/2021,,Male,
d2069665-ba56-4335-914d-d56a23ea8661,59,23/10/2020,345B,Male,example com
a2983608-027b-4612-851a-65b8b4491eab,27,18/9/2021,789C,Female,example com
cf2573aa-7607-485c-89f4-af24db6b80c9,71,14/5/2023,345B,Male,example com
0a166c10-8324-4bf0-b8b5-ffa4103c2fec,26,19/4/2021,012A,Female,placeholderdomain info
2b8cd2b2-4523-41d7-9f24-295cf20b528e,68,12/11/2022,,Male,
7232f249-cdb2-4c92-8865-7d040e890dd3,41,10/4/2022,012A,Male,testdomain net
4c8a5c1b-d6a8-476f-aa9d-28ec9204cb76,48,4/6/2022,345B,Male,placeholderdomain info
1984e350-0676-42e9-87f2-03e39dbda745,78,1/3/2021,345B,Male,placeholderdomain info
d8a7db82-9fc1-4e0a-9725-155f63074260,49,30/4/2022,012A,Female,testdomain net
e915897f-d09f-47ec-9a51-fd5b4c94c5fd,69,22/8/2022,345B,Male,placeholderdomain info
52e759cd-18ee-4399-9dad-8a927cb35f75,56,10/11/2021,789C,Female,placeholderdomain info
1a04f769-5bdf-478a-a389-aeb0361b4cd1,58,6/4/2022,789C,Male,testdomain net
5f750a69-52c9-4ab0-9666-aa2f84f032db,29,31/12/2022,789C,Agender,example com
e775684d-6099-4ce4-a23a-c8e1dcca52b0,51,5/2/2023,012A,Female,dummywebsite org
305434e3-b011-4671-b6aa-cac30699c9fc,34,17/4/2022,,Male,
d47d9945-9647-424d-a91f-985a8f5db166,53,17/1/2021,345B,Male,testdomain net
0680079f-4269-4c3e-b321-296375b08573,65,21/5/2022,,Female,
fd017c82-671e-4a6c-a1d8-ed4c576e96fc,41,22/6/2021,,Male,
1700ba07-b375-4695-8536-ded787b6713a,30,15/8/2022,012A,Male,example com
c4da99a3-8470-45fe-87fa-9ca9f56b5d3d,60,22/5/2022,345B,Female,example com
2d65cbd7-5dcd-4395-a9f7-cd1c10cefd8d,60,28/12/2022,,Male,
70f82977-15e2-480d-a7ac-437796c44541,35,19/5/2021,012A,Female,example com
7e3fd4da-03b1-4341-bde6-8aa03065e479,69,20/6/2020,,Female,
3bcddbbc-22c4-4226-b8cc-35ebbef8ed23,61,14/1/2023,345B,Female,dummywebsite org
310ebacd-c8d2-40f2-abd5-ad88c6237c8f,52,13/8/2022,,Genderfluid,
e213460a-304c-4a19-a1a1-c5d1ad95dec0,70,26/7/2020,345B,Male,dummywebsite org
22fd8fbc-81fa-42d0-86ca-a0165be8f5e9,76,22/3/2023,789C,Male,dummywebsite org
54e9e9ef-c687-4ddd-bb4f-8c6b4684e5b1,58,20/12/2021,,Male,
887cd9e3-edd4-42a9-a68c-0e53d0dbac7e,33,23/9/2020,789C,Female,dummywebsite org
7eb4828b-6f7a-46a4-a4e3-563b3d432d86,31,9/6/2021,789C,Male,testdomain net
02e05ace-6841-4e60-8ca0-6adab2a73dc6,73,29/9/2020,,Female,
92c9c081-e184-4342-81cf-2f44cc6642e8,73,11/7/2022,789C,Male,dummywebsite org
9835c7be-8f5c-4ab1-9d13-678ce4a95e71,65,12/6/2021,345B,Female,dummywebsite org
106687c3-b7c5-4548-939c-292a06db72c6,27,10/4/2023,,Female,
eedfc439-416b-4699-a0ac-85a10a3a2b77,29,28/6/2020,,Female,
0c05767c-6b10-4770-9408-e10e7f8291b3,44,29/1/2021,789C,Female,testdomain net
3e54a4ff-e5bf-412e-83e2-555958594fcd,74,16/12/2021,012A,Male,testdomain net
517362ee-e118-47a5-9f03-cb4938559844,75,20/11/2021,,Female,
2c05fcc5-2969-453e-83b2-e37ec7c27b01,72,4/8/2022,012A,Male,testdomain net
b6669787-3b5d-4214-a676-57f0df1b62f2,60,23/8/2021,789C,Female,example com
68c97322-c70f-41cf-851d-340ed607e3e2,44,10/12/2022,345B,Female,example com
01be2392-677a-4e8f-98ee-b45018250ee3,29,23/3/2023,345B,Male,example com
51e5295c-87ac-4f45-9cee-da3386522c84,63,15/1/2021,789C,Female,testdomain net
a2090034-d076-4de0-bb7a-2897bca887e0,29,24/7/2022,012A,Female,placeholderdomain info
3c2a5a94-8d3e-4088-8b8c-2fb17a0fe631,47,16/6/2022,789C,Female,dummywebsite org
35a768da-da3d-4908-b101-2d8df1e83eaf,70,18/11/2021,345B,Female,testdomain net
191b38fe-b3fa-46bb-9c82-2e0c6edeaeb2,70,22/2/2021,789C,Female,dummywebsite org
2f1edebc-edbf-4f32-b212-bd818ca3fcf3,75,19/6/2021,012A,Female,dummywebsite org
d7bfb759-69b6-47ca-98b6-28b3757bfb2b,51,19/4/2021,789C,Male,dummywebsite org
e1cf3879-c674-4f86-9ce0-bf2f40ddcf42,63,16/7/2020,345B,Male,testdomain net
46a02012-2c2a-4790-9bd2-1bf3601b59ca,23,16/1/2021,789C,Female,dummywebsite org
401b4423-909d-4760-9546-81fd5b4dff7c,80,2/7/2022,345B,Female,placeholderdomain info
ccca26a9-2460-459b-86b9-f1d66d20b238,57,13/9/2022,012A,Female,dummywebsite org
ff01dce9-10ca-49f8-8db1-512aca8d8bff,37,11/7/2022,345B,Female,placeholderdomain info
16cf6f03-ecf4-4b96-960c-36c51b0ad589,23,24/8/2020,789C,Male,placeholderdomain info
e3383649-0399-44c7-8bf7-976d176eb690,32,28/11/2020,345B,Male,testdomain net
a8d84bc7-b7cc-40fd-93c3-addb173e0a48,25,22/8/2021,789C,Male,placeholderdomain info
91ef7b97-74ef-48d1-94c8-4435de173a9f,32,7/2/2023,789C,Female,example com
f375cdcd-a4aa-42dd-b4d2-e53aa2f6eb97,41,16/2/2021,,Female,
1af46c01-5efd-42cc-9123-cdf195929925,65,25/4/2021,,Non-binary,
d01c3d8e-80b3-45ad-9448-45bb2863e3d8,35,12/12/2022,,Female,
80e1fad9-a37c-46f2-b512-fa46f8c39b1f,66,19/2/2021,,Polygender,
3416a166-6fad-4532-93dd-75839d5e6e3e,59,13/3/2023,345B,Female,dummywebsite org
288bcd00-5f6a-4b9a-9ca6-bb6713cd30fe,59,19/5/2021,,Female,
17c865fb-1b7b-49da-9216-60e5b3afe006,35,30/4/2023,012A,Polygender,example com
f0629f1d-9127-41ad-a09e-7f86c636c370,65,8/8/2020,012A,Female,dummywebsite org
0a37b096-cc85-46b8-90b5-1060ca921f0a,40,18/5/2023,012A,Female,example com
83345ad1-ede2-442f-a7e4-4c448922033d,22,30/6/2020,,Male,
e9b34a62-0c47-4fee-a24d-1da4d018a163,23,21/11/2020,,Female,
e153059e-67fb-4e19-992f-c30bd2917522,52,1/9/2022,789C,Female,dummywebsite org
4f065203-b616-4921-8fc8-f301c016b0cc,67,9/11/2021,789C,Female,placeholderdomain info
4f493883-8e6e-4567-aff6-4f5e0391973b,68,29/10/2021,,Male,
3bcc00c2-6cb1-4f6c-9328-40ce8e8c93d6,40,4/1/2021,012A,Male,placeholderdomain info
1e7a6e94-30e8-4c8d-b284-0807c65cf70e,68,1/8/2022,345B,Male,testdomain net
7f9e71bd-5386-4cd9-baba-472ff4376f0b,60,27/6/2021,345B,Male,testdomain net
8e3439f0-9533-41bc-a3d7-8626ef433479,77,31/1/2023,345B,Male,example com
18d0ed9f-8ae4-42ac-9571-bc805bcdf867,37,2/7/2020,789C,Male,testdomain net
32e96d63-fcf4-47be-9182-5a1b3503abf3,48,6/12/2022,012A,Male,placeholderdomain info
622cf719-661e-44d8-8daa-a2652ff5f50c,29,23/3/2021,,Male,
5461cbc8-afa6-4131-a4f5-b5f305141697,72,4/5/2021,789C,Agender,example com
769848e3-9967-43be-a596-788d4a65f2ec,22,27/10/2020,012A,Female,dummywebsite org
399bbc64-ae24-4453-99d5-2771c3b2b5b5,40,16/10/2022,012A,Female,dummywebsite org
1212d821-da1a-4a05-961f-e1869833fab4,51,21/2/2023,345B,Female,placeholderdomain info
5f5b867c-5a14-4f7c-90e7-4aea469308a3,41,19/12/2020,012A,Female,testdomain net
7b1955a4-9838-4d82-8559-7623acb39bac,79,25/8/2020,,Female,
180701d8-4abf-4588-9315-eb3a1cb0a405,71,9/11/2020,,Bigender,
998487a6-438f-440d-8a89-5ea50a60fc16,24,20/2/2022,345B,Female,placeholderdomain info
97d59af9-d92b-4932-9e77-7f7367abe7fa,29,11/2/2023,,Agender,
a4de2acb-4b61-4116-b1ea-cb010560ea06,78,8/2/2023,345B,Male,testdomain net
4f92e084-df74-48b0-91fb-1babae259137,21,13/6/2022,,Male,
6cc7021a-16be-43c4-acf1-240b2b25aa6e,79,20/6/2020,012A,Genderqueer,placeholderdomain info
a925fa1d-c051-4427-b89a-820fd16c42e4,68,12/7/2021,345B,Female,dummywebsite org
061c341c-53c9-4936-95de-7d7a456ddffb,67,23/8/2021,345B,Female,example com
b051b91d-cdb7-48ea-bce7-cf2424b6df40,69,10/8/2021,012A,Male,example com
748bd0e6-88aa-450d-a869-9f9930f77333,80,14/1/2021,012A,Female,testdomain net
860f70ed-17e7-451c-93a9-4df152839f11,78,20/8/2022,,Male,
0d141979-5a19-4784-a36c-1a53f378b223,37,20/12/2020,,Male,
28d5f67a-3b9d-4ac6-9b12-0c3b0b8a66cb,71,5/7/2022,012A,Male,example com
1ebae863-b6eb-48ef-a021-20b0034a520c,72,5/6/2021,789C,Female,placeholderdomain info
771803ce-8a6a-4675-85f8-dbd6823ec6fd,49,12/11/2020,789C,Male,placeholderdomain info
2e98819a-839a-4906-8196-270fe04698ba,34,12/10/2021,012A,Male,testdomain net
1b9bfe7e-ab35-41d7-a8eb-177d98c755e4,48,19/11/2022,345B,Female,placeholderdomain info
2b02c961-5f38-4498-ac86-b6563ed0fc45,58,14/10/2022,,Male,
261f46e8-1c88-4fbe-bb36-552cb3eeb115,46,22/8/2020,,Genderqueer,
2237a5e5-f527-4c80-8287-65c643b8e461,71,6/4/2021,789C,Male,placeholderdomain info
c458f5d0-afe8-474e-93a1-8a38836441ab,62,1/5/2023,789C,Female,dummywebsite org
033aa27c-3fac-4c1e-b824-07213f7ef241,38,24/1/2023,789C,Male,testdomain net
96a0b81c-4429-443c-9052-f0a856a7435b,75,10/12/2020,345B,Bigender,testdomain net
d09341f9-79f7-4982-9ce8-23231c0380e5,46,8/4/2023,345B,Male,example com
a2ddf4b1-91fa-487e-9192-35f73831ff4c,48,22/6/2020,,Male,
06ab8128-6d40-4eaf-b284-be64c1d1ff75,54,13/9/2022,012A,Female,placeholderdomain info
068334bf-1689-4ec4-afa8-9e336f6245b1,30,10/6/2021,012A,Female,dummywebsite org
508968f7-2a7f-4910-8181-a5b1c48c1eeb,52,11/7/2020,789C,Male,testdomain net
14a66546-7664-4d56-9403-02a1f3d25010,33,30/8/2020,012A,Female,placeholderdomain info
92a2a2a4-5ad4-4623-a81b-ff041108abf1,65,3/5/2022,,Female,
2c378db9-7b2b-4ce3-86cb-1495d3ef75e1,49,29/7/2022,345B,Polygender,testdomain net
543a80cc-79fb-48f8-9840-aa72b5935a47,56,7/8/2020,789C,Female,testdomain net
b2493d76-3f8f-4a47-98da-003a845655d9,78,20/7/2022,,Female,
2b02b51c-b900-4e18-a9d9-62e47d482e8c,46,31/7/2020,345B,Genderfluid,dummywebsite org
0f9d1858-7506-4641-921a-ab9ad7ba84a3,56,24/11/2021,,Female,
f802cc58-aa17-4a2c-863d-769c23b38ee3,78,16/1/2023,345B,Female,placeholderdomain info
bdcebba5-6197-40df-8ff9-af71f15d1a59,76,3/12/2020,789C,Female,testdomain net
cbaaedaf-99d5-42f9-a413-c328d6d8df5a,36,22/5/2023,345B,Male,example com
37771218-c4ac-42da-b6ef-52e3090b79b2,28,22/3/2021,,Female,
6a61eed2-8f00-4950-834e-fdebb1bfd0dd,33,3/1/2023,,Female,
6a817ff8-1959-4f0b-92f4-9e6a96db909f,26,26/10/2020,012A,Male,example com
ea46adc8-fd28-4685-928f-1391b679a9de,54,30/7/2020,,Female,
42b60aac-3da3-44a6-9889-8f0c63c7038b,35,23/7/2022,345B,Female,placeholderdomain info
973d39cc-6be1-4726-9e46-f8d7e096d071,53,19/3/2021,,Male,
69ddd7ec-adb9-4963-b0da-124bf62f5a20,52,15/1/2021,,Male,
8d5db563-fda1-467b-92b1-2cb78e2d8517,24,28/12/2020,789C,Male,placeholderdomain info
05aa16a8-7c76-40f9-a787-8d4715904e78,68,28/2/2021,012A,Female,example com
0c72fd12-e607-4009-a63c-683c121c7b59,42,9/3/2023,,Male,
994f5ac4-3d82-49a0-8e35-a49f6b8f08b8,80,2/8/2020,,Male,
fe2a4472-973d-4ae5-b803-56a07180c778,46,4/3/2022,789C,Female,example com
9a43015e-002f-4bf0-9791-34904abe7c56,33,9/11/2021,345B,Female,example com
58cabc9f-f8c3-4236-8310-ba7bb0818879,31,12/5/2022,,Male,
5f30000d-23d7-4b7f-9d52-29adb4a90e7c,45,14/2/2022,345B,Male,placeholderdomain info
51ab3bbf-2822-422c-8306-b7308446d70f,37,1/4/2022,,Genderfluid,
6542cca3-23b3-49c7-b034-7d30e7e3ad19,61,18/7/2022,,Female,
80719a62-bb77-4991-8c27-40bad4240c90,74,6/5/2022,345B,Male,example com
baaeea74-2665-40c4-920a-5b1e5149e841,52,7/8/2020,,Male,
f3f85e5f-3151-4fb2-9e64-ba524c3aea63,39,7/9/2021,345B,Female,placeholderdomain info
de61752c-eb8b-49de-831c-73acebc5ee9a,21,19/3/2023,,Male,
a23b109e-e7b9-4980-822a-17b3d549f662,67,10/9/2021,,Female,
39e99fc2-2ed8-42d1-98e3-7fee3e1f7259,70,19/6/2022,,Male,
d4dbc0b7-4421-41f2-830f-643221da7a65,29,25/5/2023,789C,Male,testdomain net
85f7e4cf-4d39-4730-a311-82cac14a3624,21,11/10/2021,345B,Female,placeholderdomain info
38992fe8-3186-4fc5-905e-c58113610973,59,17/10/2022,012A,Female,example com
3770ff68-3988-4cd2-8338-85fdbb2c550b,24,1/12/2021,,Female,
f4ae8829-eb17-450a-943c-6f69318db31d,26,22/5/2022,789C,Male,example com
b043bcd9-6a46-4bda-9c54-557f163adfcd,36,30/12/2022,,Male,
647a0361-f17c-4635-92b7-43af27f605b7,22,2/5/2023,012A,Female,dummywebsite org
28e1424a-478d-487f-bcec-c0b803bff8a5,64,19/1/2023,,Female,
6d9839af-1a4e-4e07-b8af-ba6776adb9a6,42,16/5/2021,,Female,
bf5bf6db-5351-4594-b16b-971cb128bb02,33,29/10/2022,,Female,
c040389a-519f-42d9-8ece-f98595a999d0,48,31/5/2021,,Female,
857d3b5f-ec4b-4ddf-ab61-4c247231b88f,67,10/7/2020,012A,Male,example com
d7c2923c-6fcb-4797-a069-4f2e8aa9cee4,76,14/4/2021,,Polygender,
a68f12a5-a27f-47f7-9f5e-68917fc57a66,21,27/5/2020,,Agender,
cd80035e-f9f4-4ce6-922f-72aa0d1da6e5,63,2/3/2022,345B,Male,dummywebsite org
347f5a18-5063-48e3-b7a9-1e9d71eec726,68,26/2/2021,345B,Female,testdomain net
a0f01e96-e22f-40bf-8266-4b6b4b8d1b85,72,15/7/2021,345B,Female,testdomain net
a84662b9-df75-4583-83f7-019020b86590,56,6/10/2021,345B,Female,placeholderdomain info
c90971e8-8b83-4b19-85cf-82301c1ac533,75,7/3/2021,789C,Female,dummywebsite org
78422952-8e9b-4650-bbd3-69f2c47203d0,36,17/7/2021,012A,Female,dummywebsite org
dc189c7a-518f-4b25-8952-d33116d5ccae,57,30/8/2020,345B,Female,dummywebsite org
d34ad017-28a2-472f-8872-a6f13553b35d,23,21/7/2021,,Male,
70d60d64-a6d9-41f1-9e4c-09b0b13c8e0a,41,8/6/2022,,Male,
698118d2-900f-405c-84af-4cedd8aaa09d,56,24/12/2020,345B,Male,placeholderdomain info
28b27ed7-d25f-46db-900a-3b44085dc037,22,5/2/2022,,Male,
53de688e-d969-44ca-abfc-30e9f4b5802c,75,8/4/2021,,Male,
8be3a5b5-17e0-471e-b6d7-a86bb195f628,36,26/11/2020,,Male,
cbcfddc4-8667-497d-b0ec-14f41554e87d,63,30/1/2023,012A,Male,testdomain net
023d5b70-5b0c-4718-8d19-b0d28f5e063c,61,3/11/2020,345B,Female,dummywebsite org
49e5bcd4-defd-49a0-a3b9-0ea03d03bb11,32,15/2/2022,,Male,
228a3b44-517c-441d-a455-60e4425f7b88,58,24/6/2020,789C,Female,dummywebsite org
a39a2935-2b7b-47c3-b97c-b6cf87881cd9,57,12/10/2022,345B,Female,example com
f0454eda-a9b7-48ab-9cfd-bde939bfecc3,70,20/11/2022,012A,Female,example com
dc0e15df-316a-4c80-b611-8402ecd5204f,63,5/11/2022,,Female,
61ed204a-4c9a-426e-92f5-1895e5f3a9c2,76,16/2/2022,345B,Male,example com
c5149444-7e77-4e49-bd33-c3628874cc7b,79,30/10/2020,789C,Female,placeholderdomain info
17d56e82-6494-4233-8e68-5ad8e55293e6,58,26/1/2022,789C,Male,testdomain net
5a73b24c-9f0a-4504-b619-e2a2cb73620e,71,1/7/2020,789C,Female,placeholderdomain info
8e1707f1-1b90-418e-96e9-48a15da6cc12,47,6/6/2020,,Female,
7d9dec86-b214-4114-96d4-179ce0a45b04,50,13/10/2022,,Female,
7558ef31-396d-44a2-adf3-f9e44c3a445c,42,17/8/2020,789C,Female,dummywebsite org
ab991f0b-6248-4bec-a964-d14e4c6635a3,54,25/8/2020,012A,Male,testdomain net
e350ec6e-efdf-471b-984a-a0ef5c7102aa,55,23/8/2020,,Female,
c3e05d56-3910-4191-a8db-0d0a769bbbba,60,23/2/2022,345B,Female,dummywebsite org
d9955ca2-2b6b-4446-b8c3-6a12c686cdd5,54,28/3/2023,,Male,
7b8b22a9-a1e1-40da-818d-3298d85ba513,36,16/11/2022,,Female,
1711d998-6b6f-4f87-abf3-cf8a50bf8317,43,19/8/2021,,Male,
a9057121-e911-4ba4-b74a-7630cceed6cc,24,9/7/2020,,Male,
211e4aad-b07d-4202-9cfc-1c3f50d3c4c4,78,11/8/2021,,Male,
d4ec7152-cf2f-4f21-a690-563046fe75ac,61,23/1/2023,789C,Male,example com
a5417420-043d-450b-ba13-6eb6003ba57f,78,23/5/2023,012A,Male,testdomain net
6e931c37-6581-4afe-b2f1-6195b99f7233,74,30/3/2022,012A,Male,testdomain net
f31047a3-a8fa-42fd-9891-8f81532b8de6,76,14/4/2023,012A,Genderfluid,placeholderdomain info
976757bf-2f29-4934-a835-52b01a4433c5,33,11/2/2021,345B,Polygender,testdomain net
eec0b39e-926b-4f73-b637-00cb2ae362c2,69,24/8/2022,789C,Genderqueer,dummywebsite org
d28985c6-cbff-49e6-965c-801035f40134,76,19/5/2021,012A,Female,testdomain net
0a436f8d-a93d-495d-903f-63ab802fdde2,49,2/5/2022,,Polygender,
09ad7d6e-ac94-409b-b9bd-4233577ee517,65,15/2/2023,012A,Female,testdomain net
9ab17f0b-efe1-4a05-9efa-7c40ac06f029,51,24/6/2020,,Male,
472dfbdc-e68b-4dd8-8882-ce38a7c74457,72,22/10/2020,789C,Male,example com
2efdec1e-840f-4c92-a920-22bda19f99f2,64,12/9/2020,345B,Female,example com
b315c02f-677a-402b-a038-43e815aab22b,61,9/3/2023,345B,Male,dummywebsite org
8217c68c-235a-4d8b-a931-028eebb9cfea,65,19/12/2021,789C,Male,dummywebsite org
6e29f465-e0f3-46b7-85ef-d6e86ffba653,48,27/3/2023,,Male,
8e413275-330c-4632-9134-2e1330ee2480,30,4/2/2021,012A,Female,placeholderdomain info
7fd7acef-5128-407f-b436-c75a5d5c7db4,70,13/8/2020,,Male,
0d042b38-ee6f-4981-8cb9-4d494cf8ec41,59,10/3/2021,,Female,
263ea2c9-e20d-4376-b0aa-58845645e6ad,24,20/6/2020,345B,Female,example com
fe735a20-a3ab-417b-9f3b-ae2a96867cdc,71,26/8/2022,345B,Female,placeholderdomain info
c4a9368f-612f-487a-bc6a-873b4429265e,74,14/3/2021,012A,Female,dummywebsite org
50ad482f-c7eb-463c-99d7-15f25e8878e6,37,15/8/2021,012A,Female,dummywebsite org
362ae60f-b789-48bf-8080-81a29296b67c,39,2/3/2023,012A,Female,example com
01c081a8-cd8a-44a9-8bfd-64527a69ffc8,34,19/8/2022,012A,Male,example com
0892a6f0-baad-4e33-905d-dae8f857f962,49,3/4/2021,345B,Bigender,example com
9ced1666-ed55-4ad2-a8a8-c4fad7263596,75,16/7/2020,345B,Female,example com
400a7350-21b9-4f93-b343-14782e4166c6,50,16/11/2020,345B,Female,placeholderdomain info
2591a6bd-27b2-4f4e-85c4-92126a1e661a,78,6/5/2023,,Female,
aeb417f0-cf32-4b93-bdbe-470aa5041d4e,33,27/1/2023,789C,Female,example com
b277122e-a0f1-49d6-9427-92dd30c61356,56,20/12/2022,012A,Female,testdomain net
fe39841f-5788-4605-836d-b064aab99945,56,15/10/2022,012A,Female,placeholderdomain info
ac424aca-4c13-4730-94bd-0023d1f0b718,37,12/9/2020,,Genderfluid,
cb5020c1-aa39-458c-b4fd-e43b3cf02727,37,28/8/2021,,Female,
f7d1a707-0ac4-4154-8fe2-a352a21c8b19,72,4/4/2023,345B,Female,testdomain net
cf4ed2b2-c943-4f6f-92b2-7e83bd83bd14,80,25/2/2022,012A,Male,placeholderdomain info
0176d8d4-f5b4-4e92-89e9-4e5c578975f2,53,8/6/2020,012A,Female,dummywebsite org
c25a60fa-884b-4d8f-b0ec-9cca0db1c7a7,64,20/1/2023,012A,Male,dummywebsite org
01913750-44f3-4a7c-886e-9dd0edd9c3b5,74,15/10/2020,789C,Female,example com
78018002-9b09-41ab-9901-fa51e10d282a,29,5/10/2021,,Female,
8f4e3cd7-3b30-4221-b0d8-801d3a6ab215,41,26/8/2020,012A,Female,dummywebsite org
4e0538c4-a583-4b7b-b733-e218c88f0d6b,59,10/1/2023,345B,Male,testdomain net
503518f4-6ffe-4698-9685-25c0f41c0bf6,38,23/1/2023,789C,Female,example com
5d31f880-60e0-49a8-830e-cd02bca3679b,63,1/8/2022,345B,Male,testdomain net
7358b348-ce5c-42c8-a337-8938ba99f9ac,72,7/7/2020,012A,Female,dummywebsite org
88f6196c-760a-4b83-8462-d713342804b3,40,17/6/2020,789C,Female,placeholderdomain info
56cec7a7-fa77-49b1-902b-4e0cc32ac651,79,28/9/2020,345B,Female,testdomain net
125e4972-9ac6-45fc-aaea-e620052e5972,44,26/8/2021,,Male,
e049e477-402b-42e6-adb3-96517d765b13,23,20/8/2022,012A,Male,placeholderdomain info
dff8b603-1480-40d5-a0f8-8923fc8b3e38,44,30/8/2022,,Male,
8cfcf211-8fdc-4459-a0a9-7e29069cac16,80,22/2/2023,012A,Male,dummywebsite org
e6c8bfb1-b8c3-4570-a83b-a9107259c8e8,79,3/5/2021,789C,Male,dummywebsite org
f7639d19-b2a5-464f-8e3f-8fd080371198,25,7/5/2021,,Male,
643bfe72-c673-4466-968f-c45a9053acee,75,17/3/2023,,Male,
fd9cc16c-dea1-4c6e-b0cd-918dd9183107,54,18/9/2020,,Female,
ac583302-bb1f-420a-afc2-263a9036cf00,80,22/12/2022,,Female,
68d73cf1-6b34-46a4-ae47-818787660379,32,18/2/2023,012A,Male,placeholderdomain info
0b90b65b-1e59-4e89-8926-280acad98284,56,26/10/2020,,Female,
41822c4b-14f4-41c0-8eea-05cfbc3f23e0,58,10/3/2022,789C,Male,testdomain net
ddb70408-97b8-4b5c-aa0b-2e9515389dbd,80,8/9/2021,789C,Female,placeholderdomain info
3589c4a5-9358-4dff-a4bd-da0de8d77ddb,33,5/11/2020,789C,Male,testdomain net
2e5e2faa-04c2-40bd-8654-b592e760ef46,26,7/7/2020,,Female,
758bc72e-fe58-4eb2-a715-fa876e6766ee,56,26/7/2020,789C,Bigender,dummywebsite org
3ad05cdf-fb4f-4006-add2-cde438a46f41,34,16/5/2022,789C,Male,example com
124818ac-c001-4ab1-bf45-6c495e069593,68,14/4/2023,,Male,
59181491-a84f-487f-a0fc-39c7bf673733,41,6/10/2022,,Female,
e59865a3-92c0-4a78-b60b-64c96c214444,22,14/10/2021,,Female,
43d02c29-ac27-4922-b7e0-14b4e4276912,68,28/10/2022,345B,Genderqueer,dummywebsite org
faedc910-0848-4b1c-871b-a7d78bd38470,36,7/9/2020,345B,Female,example com
323210ad-c8a9-4416-85f2-0c2c1401f9bc,31,23/8/2020,,Male,
fdfbeabf-2889-4a61-8858-526de5b1ed83,78,4/9/2020,012A,Female,placeholderdomain info
866dedc6-150e-4ac8-905f-ea55f8beda3a,59,11/4/2021,,Female,
7e95524c-4c7a-409c-93ce-196eba69d594,63,24/12/2020,789C,Female,dummywebsite org
69bd32ce-ebe6-49bb-9ada-a50b330c2f18,29,20/1/2023,012A,Female,example com
82b71970-8012-4c7e-b496-819ae2e4cd7d,55,14/10/2022,345B,Genderfluid,example com
d85b3df5-57c1-483d-bf6d-b42237f1e4cb,74,7/5/2021,012A,Female,dummywebsite org
456ed9b0-0ab6-4358-91cd-109bb84f892c,60,9/9/2020,,Male,
5e8362c6-91aa-4d78-82bf-5ad98e4cb1d6,75,24/5/2022,345B,Female,placeholderdomain info
da31f724-acf4-4125-98c5-641b5afe138b,27,24/12/2022,,Female,
2e23bcfb-d334-4e84-86e5-1575563e46e5,36,4/2/2021,789C,Genderqueer,testdomain net
0ae1a0e0-6433-4046-be5d-f0a3290dceed,79,18/6/2020,,Bigender,
bade50b5-6b7a-425a-a1bc-45324be17b71,60,20/10/2020,,Female,
e4b5ca2d-4206-4568-8e17-9dc69fff2904,52,2/10/2021,012A,Male,example com
5e6d27b0-e4e4-4157-a1f8-339d7f6a18a2,71,3/9/2021,789C,Male,testdomain net
20b716df-8d46-43b1-9fd2-23ce04c2852d,69,10/6/2022,789C,Male,placeholderdomain info
c8a56fc1-df4c-4f06-838d-f29db59ee95f,41,1/1/2021,,Female,
3f454e5d-9dc1-4bc0-9323-5b827e34a824,47,29/11/2021,345B,Male,placeholderdomain info
8ca10d7f-7c4f-44b4-8ad3-f0a8a58d6aff,54,8/9/2022,,Female,
96236153-d0c0-4865-97a8-5f174374801a,67,27/10/2022,789C,Male,testdomain net
6ed7493f-da27-499c-adc8-2f012d6231a0,31,27/3/2021,345B,Female,placeholderdomain info
0e209651-d6e4-4f02-91a0-dff24123c32c,69,24/12/2020,345B,Male,example com
d1d6d54c-8e66-4c59-a591-3815c76ad836,73,26/9/2021,012A,Female,placeholderdomain info
a13a28dd-18db-4de9-bd4b-56e8561928bb,25,26/4/2021,345B,Male,testdomain net
f779c512-6d01-4b5b-86cb-565a555b5692,21,7/3/2021,789C,Male,dummywebsite org
411793fa-e0f0-46f1-9224-b5766a2599b4,25,27/10/2020,,Polygender,
b85943a9-98a0-4fe5-a7b9-4e8f2545a76d,34,5/12/2021,,Female,
bd00f1c8-11b0-4d15-94f4-26295e54516a,78,3/11/2022,345B,Male,dummywebsite org
0bb22e45-5593-4bd2-994a-b95af3722ec1,40,28/1/2021,345B,Male,dummywebsite org
87dfd28a-85f1-44ca-9ba0-3e1efb8aae5c,47,11/9/2021,012A,Male,dummywebsite org
ae46e96c-e5d7-4c12-8682-868245c8087b,48,10/7/2021,345B,Male,example com
ef093561-41a8-4bf7-9b0b-7a93c848510f,26,4/5/2023,012A,Female,testdomain net
e9a0f986-ee70-4d01-825f-a6aa3362660b,67,27/7/2020,012A,Female,example com
15f9bd9e-f868-4c67-8a09-f73f29c3b9a0,28,7/10/2022,789C,Genderqueer,dummywebsite org
b933065a-65f2-4661-9442-63d7921655a2,69,9/7/2021,789C,Male,example com
caf21641-169c-4263-9c01-3a71176fd473,63,11/4/2022,,Genderfluid,
b5cb3a24-cb86-439e-8b5d-833e38f7917d,55,5/9/2021,,Male,
14e0b3c9-8cc1-4eab-80a0-8ad9f9b44ccb,66,12/10/2022,,Female,
0a6857ec-81a2-4067-bcb0-89332757537d,27,3/7/2022,345B,Male,placeholderdomain info
01de5018-e899-4f1b-8b7b-282f725693af,33,21/6/2020,789C,Male,dummywebsite org
ef1aa837-8dee-43c8-bc34-862e20b7b2d0,36,5/10/2022,,Female,
f10566f2-e582-4d04-b552-56630d6c4a95,22,13/3/2021,,Male,
c7b4f9d7-f9b9-411a-8054-32ba8589656b,60,24/9/2022,,Male,
c578972b-0e93-49b9-be12-427598aaea5b,39,3/11/2021,789C,Male,placeholderdomain info
3e0a4c58-17e3-4b1c-9cfc-3640b71a2721,60,31/5/2020,345B,Male,placeholderdomain info
e5865628-c7a5-4117-8c4c-2205eb1b4373,61,21/11/2020,,Female,
321b609f-f3da-4680-b246-fd8910896117,56,14/7/2021,012A,Female,dummywebsite org
50fd0780-9077-4658-9380-ba6c1b3dd039,71,16/10/2022,789C,Female,placeholderdomain info
dc516192-bb03-46b5-a006-70d5c79676a5,64,13/12/2020,,Female,
a4d7091a-1e9c-4f63-8c85-98cedfb7c1a1,22,1/12/2020,789C,Female,dummywebsite org
bf471ba5-6987-460f-bd73-a0ef8d1d6e7d,30,1/6/2020,012A,Female,example com
de1196dd-330f-4eac-ae02-a24522f7d622,64,16/2/2023,345B,Female,testdomain net
b30c5b6f-822b-46a5-a15f-2cd98f326e0e,47,20/3/2022,345B,Female,testdomain net
ca8ebdbb-a429-446a-905f-8ccb71d07b2e,39,15/2/2021,,Female,
95a05dd6-17a6-4488-9d0d-de539ed24149,74,11/8/2022,,Male,
16eae867-40a1-4fd2-9a86-823243c32e70,51,3/10/2022,012A,Male,example com
64d61b74-577e-4ec1-b773-0dda226df454,67,26/9/2020,345B,Male,example com
3bb865b8-db02-4199-be66-326755228586,21,21/9/2022,012A,Female,example com
eb355bd6-798a-475c-8763-9ee9556419ba,50,4/4/2023,012A,Female,testdomain net
fcf0e691-7ff5-4491-96ca-f8963d05b373,76,18/3/2021,012A,Genderfluid,placeholderdomain info
76c7cb40-0e26-4dcb-8141-eb63e950a35b,54,23/4/2023,789C,Female,example com
4c5b0d9d-e0b0-44bb-a2a6-83cb90ba5d48,31,24/1/2023,345B,Female,placeholderdomain info
561576dd-0079-41e5-b2fd-097fb4784df7,80,14/10/2021,,Female,
f88bc0ee-bd0c-4e9b-b870-6632d403d283,54,6/3/2023,,Male,
a184f03f-8bff-45cb-90e2-905051abbc07,23,28/2/2021,,Male,
4cff428d-ec10-4887-920a-bdc98baf403b,69,7/8/2021,789C,Male,placeholderdomain info
d5f1e889-ab1f-48ab-92ae-7bfe076f3a48,37,29/6/2021,012A,Male,dummywebsite org
1ed2f6b4-aae3-4b2e-a983-7ff4cae34324,79,26/5/2020,789C,Female,example com
c9e63b21-3339-4632-b631-af562ccd2266,47,5/6/2022,,Male,
2c74fa00-65ee-4d57-96dc-46f776b24437,75,7/11/2022,789C,Female,placeholderdomain info
e2592f02-1357-4b8a-bbb0-dc07ac087caa,72,21/2/2023,345B,Male,testdomain net
2be71d2b-9eab-4f4b-8193-7dcc55ae6c56,23,20/7/2021,,Female,
92abe86d-da85-4026-a1fd-47a134b99c44,58,23/1/2023,345B,Non-binary,example com
274fc1a3-45f0-4ba2-9480-b6173e6e6c5f,49,19/7/2022,345B,Male,testdomain net
94f3751c-430a-44f3-a29e-c4679b549327,62,3/2/2021,789C,Male,example com
92760a0f-47c0-4cde-a6d6-fd2502eb313b,72,15/3/2023,789C,Female,example com
15eda447-0c25-43fc-bd0f-3cce48f2797b,60,28/6/2022,345B,Genderqueer,testdomain net
8d4d94df-9d0a-49da-951d-2cb4aac28ce2,41,25/12/2021,789C,Female,placeholderdomain info
f9f19544-97d1-4d98-992d-fe8c6ef95f79,61,22/5/2021,012A,Male,testdomain net
a1e86557-93f0-4afd-a2d0-dac35660352a,69,1/3/2021,012A,Male,dummywebsite org
7d7c37c4-77f8-4d19-98e0-b7941ad88ee0,37,11/1/2022,,Female,
3e2cb262-c3f0-4edf-8797-b4bd9ef4548e,24,3/9/2021,789C,Female,example com
030e8669-3545-4e12-bbd9-54c9de5367b7,52,22/9/2021,345B,Male,dummywebsite org
7b00bf21-add2-43db-bfcd-079e6db436f0,46,13/10/2022,789C,Male,testdomain net
9173bae2-8af0-4de4-ad59-4af07ceb9364,43,4/6/2022,012A,Male,example com
101f9616-1cdf-4f30-9c10-6d8823664339,61,23/9/2022,345B,Female,testdomain net
62fe3137-c8e0-4cec-a950-d00ddfbd11dc,50,15/10/2020,,Male,
67bf3272-dac1-462b-8f80-250b022f4c71,53,7/8/2022,012A,Female,testdomain net
6d23c83f-e1e0-4415-8f5c-63896e154caa,44,21/2/2021,789C,Female,placeholderdomain info
a9acb635-8adf-4d09-88b6-e643661587e6,55,24/12/2021,012A,Female,testdomain net
9c09878d-651e-4bb3-884a-0cdde945626d,72,17/6/2022,345B,Non-binary,testdomain net
8a7e0dbd-7db5-492a-abdd-5581bec58c55,51,17/4/2021,012A,Female,placeholderdomain info
7865621c-57bd-42fc-98a8-de0979275aec,28,29/1/2023,789C,Female,testdomain net
8af1235e-99b1-46ae-acc4-75bb25a9d730,74,5/12/2021,345B,Male,testdomain net
d887c1dd-19dc-494d-8ef4-ac32cb6d2e9e,70,11/8/2021,,Male,
cf298d78-f793-4e6b-bcce-3de0016b228c,65,28/6/2020,,Male,
248ac741-75f8-42dc-99a0-178df391451d,47,16/4/2021,789C,Female,example com
78557f1c-adcc-4d58-9617-ded64821c612,28,12/4/2021,345B,Female,testdomain net
ec827183-24cb-4f7a-876d-0dcba499eb01,40,30/7/2022,012A,Female,example com
9565450d-9014-4e98-ac03-cb27ae8aaf84,72,30/12/2022,012A,Female,dummywebsite org
b6bf87a7-1067-4e0d-ac49-0ee5e728779a,65,29/7/2022,345B,Female,testdomain net
862f90eb-6d8d-4688-9249-b55fea33e185,25,7/11/2022,789C,Female,testdomain net
29d46955-8943-4348-93bb-070389cff2b9,66,1/9/2021,,Female,
ef93116b-bd9e-4fc4-bfd6-ec94c9645d05,62,3/3/2022,789C,Female,example com
bebcf000-de4b-499e-986e-702cd62d1f59,60,20/7/2021,789C,Female,testdomain net
b5d5fd6e-3396-47fc-8dc8-df8c47e81259,51,16/2/2023,789C,Male,dummywebsite org
fe591815-f4c5-44b5-8343-d8cb1b2f2f90,31,10/11/2021,789C,Female,testdomain net
89ae12f4-357f-4547-b3da-d700b5fc1a2b,70,26/12/2020,789C,Male,testdomain net
641ebc64-e599-47f0-8a7b-edb8cc4d67e4,29,4/3/2022,789C,Agender,example com
f5394bd4-aed9-4e32-a6cd-0eac03199796,53,11/8/2020,,Male,
587b5e28-358f-475f-a5ed-c7d0588e3e4a,58,8/11/2022,789C,Female,example com
174a9eed-6879-42df-8e4a-c0d42975f77c,76,11/12/2022,012A,Female,dummywebsite org
cb5efcbe-a26c-47c0-8fd1-2f7b68027997,22,2/11/2021,345B,Female,dummywebsite org
3c2f9a4f-9e56-4387-a8ea-d21141bdd096,35,9/11/2021,789C,Male,example com
e3108b06-9c4c-4c6f-a114-7cc0e94da50b,45,3/9/2021,789C,Male,placeholderdomain info
ab190ac9-0bb5-4a64-aacd-a2ee8d59591b,36,23/7/2022,789C,Female,dummywebsite org
b710559b-8b5f-43b5-b3d9-450713f237a5,80,27/4/2021,,Female,
3e8164fb-840b-409d-840b-dedf8e315405,46,22/7/2021,345B,Female,placeholderdomain info
02e18c87-3fe7-4117-9109-86edf6d5071b,70,18/3/2022,,Male,
eced1730-5f09-4631-98e0-29ad0eb3fdbb,35,10/4/2021,012A,Male,dummywebsite org
def117c9-2cae-416a-8a9e-9d7fd1530811,43,20/5/2023,345B,Genderqueer,example com
0bcae1af-a932-4ad7-ae26-f8a14cabb14e,50,6/6/2020,012A,Male,placeholderdomain info
c964e7be-8b12-4b19-8a5a-26b59ee98fe2,38,15/2/2023,,Female,
2bc11af1-11ef-419f-adae-1e94899265d5,49,9/3/2022,012A,Male,testdomain net
f411ca5c-0c8b-45fc-8b4f-91c99e1543f8,43,4/12/2022,345B,Male,dummywebsite org
2162ebbb-bb4e-4c5b-a5a5-72b9886395ca,63,31/3/2022,,Male,
63b6b08a-0687-454d-836f-d552cbdfab83,56,2/9/2020,012A,Non-binary,testdomain net
1f7b7c72-949a-4b70-858f-5215ecf55144,30,18/9/2022,345B,Male,placeholderdomain info
3678dad5-bf20-4136-bd84-18cfac69d157,53,4/5/2022,345B,Female,dummywebsite org
d392aab2-1b17-42a5-9507-675e48eff71f,46,4/12/2022,012A,Male,dummywebsite org
ea65b43a-0553-4b94-a883-5f6343e88f4d,33,1/6/2020,789C,Female,testdomain net
28b585c6-9e04-4163-a3c5-a4e2cb873efc,57,11/3/2023,012A,Female,dummywebsite org
ab1f9dbf-16ba-44a4-bc4a-7ac608b79656,63,11/10/2021,,Polygender,
72a8eede-0a26-45b4-9ca1-a94f5b96239b,56,22/5/2023,345B,Female,dummywebsite org
f9924de5-383d-42d1-9c72-d10b0ef52be6,58,15/3/2022,789C,Female,dummywebsite org
99edaa7c-eca5-457b-81fa-c73fcdaeb4c8,62,17/5/2022,012A,Male,example com
fed32fc4-b0b2-4eed-a039-0a3cbd75f48d,46,26/12/2020,345B,Female,dummywebsite org
73e044c1-a0e2-4459-aa71-8373dc462894,30,30/9/2021,,Genderfluid,
0b3c417b-db60-456d-9459-870b1d5c408a,56,14/7/2020,012A,Male,placeholderdomain info
b85799b0-de22-43d0-b465-07b3dfc04fe2,28,11/11/2022,345B,Female,dummywebsite org
4b6ef595-7f66-4329-975c-9f450be4180e,31,6/2/2022,789C,Female,dummywebsite org
517c2c0f-70a6-46c3-a7dc-97fcd633df04,28,23/2/2023,345B,Female,dummywebsite org
0e084942-d1fa-4e65-8301-be9f8cef1c5f,64,24/11/2022,789C,Genderfluid,example com
23926217-e11e-4a6f-a7fb-7dc953ddfbca,71,12/5/2023,789C,Female,placeholderdomain info
bd307d06-9c52-4f62-a853-f88607becf2c,22,25/6/2021,789C,Male,example com
f684d30b-d16d-4984-af70-acc15e522e84,22,7/6/2021,789C,Male,placeholderdomain info
548dbc1c-0230-4ac3-9dec-e5f67366e93c,68,13/12/2020,012A,Female,dummywebsite org
5410dc0c-c550-4c3e-a9d8-e320c5f4b2c3,61,7/5/2021,789C,Male,testdomain net
e0f222e1-273b-4016-b5a1-6528bfa87a96,22,1/11/2021,345B,Female,testdomain net
118b2490-cb87-4a42-b41e-624dc6e7a403,37,15/7/2020,345B,Male,placeholderdomain info
1aa8ea44-0518-4600-9726-9679e7df3c77,48,9/4/2021,012A,Female,example com
1e756239-c248-4011-8dc7-3b8848e7c667,22,4/1/2022,789C,Male,placeholderdomain info
8d0b8c18-4513-4022-8dff-79f5caa12f8e,23,16/4/2022,012A,Male,placeholderdomain info
2bddff2d-eaf4-458f-9d7e-262ab9cdcd12,52,18/12/2020,012A,Female,dummywebsite org
e2130289-85cb-4392-bd92-8d3cb502b740,24,6/3/2021,345B,Female,placeholderdomain info
7d2bdc4a-3aca-44fb-8e96-fdd8be1c45c6,42,28/10/2022,,Female,
ba65621d-e21d-4412-8627-87f3317492fc,43,28/1/2022,,Male,
b779f45f-85b9-4e4f-8cfd-5646e7db3a2a,24,22/3/2022,345B,Female,testdomain net
46f310db-5ed3-4b59-a362-e57c4cbcb34c,37,12/9/2021,,Female,
57406584-6df9-4666-94d4-7e33d4865e09,77,6/6/2020,012A,Male,testdomain net
0468ae2f-4da6-440d-9da7-0cc271ea3483,54,26/9/2020,,Female,
9e802270-306a-424e-badb-ed4da9ecdc24,69,13/9/2020,789C,Female,placeholderdomain info
89a14461-f96d-4106-958c-c98f1db81326,29,25/5/2022,,Female,
45fb76c1-a3af-4bff-8757-e3bedc657ee2,25,10/5/2022,345B,Polygender,testdomain net
25d37a9d-9c47-4768-8de5-29ce62c32b72,23,11/3/2022,,Male,
1bed6d26-4315-4fd8-9ce6-72a2ec86aa59,66,13/6/2020,345B,Female,dummywebsite org
4c21525b-d674-4e3f-a76d-bfb488a0d7e6,27,15/4/2021,345B,Genderqueer,testdomain net
61a6d8d1-29f5-4435-ab6a-032a36366ffc,28,11/9/2021,345B,Male,placeholderdomain info
081051aa-f90d-433c-8897-f47cd92bcecf,24,17/2/2022,789C,Male,testdomain net
b6459c3f-b486-4b5e-9008-661fbe239816,63,17/10/2022,,Female,
b2a39e66-1d40-4e5f-9843-0893a1d90b30,43,3/5/2021,,Male,
120a48f5-ea39-4b0a-a8f6-239241431c78,57,25/3/2023,012A,Female,dummywebsite org
a0a3d130-8ec6-41d8-b5d0-af31489c635b,63,5/4/2023,012A,Male,testdomain net
c5c2eaac-17e4-403c-963c-2b9ef581705a,61,20/1/2022,345B,Female,testdomain net
d19a5a86-4aef-48df-bc77-495b87562c50,71,20/12/2021,012A,Male,testdomain net
d3af5242-408c-4580-a576-0d7c6729d627,75,2/11/2022,,Agender,
fc26600a-c839-40a6-9b21-c80aed5b4cdb,66,9/5/2021,,Male,
7328524a-f597-42f1-9802-8b86e0d62fbb,45,30/3/2023,,Female,
54b8e266-ffbb-4a8d-8217-a56780cd5eef,41,13/3/2022,345B,Male,example com
a521fecb-d784-4fce-804c-130c96e4a964,78,10/9/2020,345B,Female,placeholderdomain info
e4b1c15e-b4f0-444f-89b5-716b0030d595,64,26/9/2020,,Male,
0663c549-a661-4a8e-bee2-1e1228ddc898,33,16/12/2022,345B,Male,dummywebsite org
8c681f24-fd6e-4662-9cb3-785eb3983629,72,14/2/2021,789C,Male,dummywebsite org
3aedc2f9-53db-4725-a6c2-bb2919b94bb8,62,28/2/2023,,Female,
01c59363-bd12-4ac1-8410-a16929d53e91,37,30/12/2020,,Female,
862881d3-ca9d-4f62-9e67-1e700874fa14,52,28/11/2020,012A,Male,dummywebsite org
54f90623-466c-45db-afd9-c5288635d2e9,51,10/1/2021,,Male,
537fcd3a-0e94-42a6-bc6b-b0745b5ea5bc,21,24/9/2020,,Female,
07b7d2f9-e05c-47ba-903e-9e53599cebaf,26,30/4/2023,789C,Genderqueer,dummywebsite org
54a1b030-25ed-446c-87ff-b62227067f9f,75,15/10/2022,,Non-binary,
64c61416-857a-4a81-b4aa-25d7bbb5db86,64,14/10/2022,789C,Female,dummywebsite org
8a7635f4-53eb-453c-9dd5-eff0a3f0936a,67,27/3/2021,,Male,
f486205b-24d9-45a6-93a5-ef983fff50e5,24,16/2/2023,,Male,
aadff222-93eb-4fc3-a234-c3985e0bf8eb,76,25/7/2020,789C,Male,testdomain net
3a5c0da3-6274-4ed4-89a8-dcc3504098c9,35,16/11/2020,,Female,
f92c5b2e-81ee-4b5b-89ad-87ebfda3edf5,31,29/11/2022,,Agender,
5c87b38c-3da2-4b1b-ba84-f0950fd900b8,61,26/6/2021,,Agender,
0b74d360-7a3c-45de-b8d7-b93132ae9adf,40,15/6/2020,012A,Female,example com
d60e30db-2fe0-46ce-b6dc-d00130e37073,45,8/9/2022,,Agender,
d985eb90-f3d6-41d4-82c9-fcf726e0a485,38,2/9/2021,012A,Male,example com
966833ad-bd5f-4b1e-a7d1-9886bbf0a8a0,32,10/5/2021,012A,Female,dummywebsite org
793ce53e-0704-43d3-9ada-09b274df7650,38,16/2/2022,345B,Male,testdomain net
c95d5fea-5679-4943-8b94-569c2b66d46a,28,25/5/2022,345B,Male,example com
62001c66-fa37-4efc-8f7d-595d6b727430,54,18/7/2021,345B,Male,placeholderdomain info
ec3fd021-f156-4485-b722-498e31a19be1,33,19/9/2020,,Female,
e10cf48d-df23-4fbc-b450-e2cb90bf464d,62,13/4/2022,,Bigender,
67b608b9-129f-4e12-a1ea-c2c2f26baa55,23,2/5/2023,345B,Male,testdomain net
d73d3fc0-f766-458d-8604-8c10567bf37e,64,8/6/2020,789C,Male,testdomain net
45c20f5d-37b3-4889-81fb-c47a6bec7244,67,2/12/2021,,Male,
547bcbd9-8db8-4d1d-be99-78c583e74b00,21,5/5/2022,,Male,
ae4d987f-e761-487c-9566-3e8baae744f9,60,21/2/2021,345B,Female,testdomain net
29393db5-af51-4e22-a3e0-4508dd43026a,51,14/8/2021,,Male,
ba7fddf5-e648-42f7-91a1-830f8d011e5b,61,3/8/2021,789C,Male,dummywebsite org
2eede2c5-5019-4de2-b6c6-c41ff077a613,51,30/8/2021,,Male,
e6508a03-4260-41c9-9a28-cd4762d0cb0a,52,7/5/2023,,Female,
01a439e9-c86d-4914-9efa-65a940d1f45f,64,10/4/2023,789C,Male,placeholderdomain info
13aa4565-de54-4413-90d4-119e2f235350,31,11/6/2020,345B,Male,dummywebsite org
00e1ffed-0e87-4745-9afc-66b378072d77,55,8/1/2022,789C,Female,example com
a87fae02-0eb1-492e-b614-9bcb8ae23d86,52,9/7/2022,,Female,
2c1716e4-4c4f-4a47-901d-9a8add8cf1a9,43,22/12/2020,345B,Male,placeholderdomain info
3a212ad7-6f30-42c8-a6c0-99eab176db53,66,7/1/2021,,Male,
5235bd6c-881e-4c5b-8973-ca0458cef64b,32,22/11/2021,012A,Male,placeholderdomain info
fa7c5e97-24a3-4524-9a85-58c0ba4a0710,30,8/2/2023,789C,Male,placeholderdomain info
4103887d-8ae8-4784-b1c6-697b6c0160cd,78,24/8/2021,,Female,
020617f5-57be-44bc-966b-c88abfc91b89,43,28/1/2023,,Female,
f5428ce9-8c0d-4cf6-b922-bc8b0f2240ba,65,30/8/2022,,Female,
8b96f231-6a3f-4416-a6a0-2eb03f953577,48,9/6/2021,012A,Male,example com
0fb57a84-cfe3-4add-85fe-7d70108637a1,25,28/2/2023,,Female,
b4e17dca-35dc-4b8f-979d-7062fd684d89,48,5/11/2022,789C,Male,example com
949bf8ab-4ceb-4fbd-bbb4-acc93757163d,60,13/8/2020,,Male,
ed7397ec-5511-4e34-af61-3912d5e719f6,21,13/9/2021,012A,Male,testdomain net
3bd13057-61d7-4547-9cae-3e7e74dafa9b,35,2/6/2022,789C,Female,example com
3e103a72-c07e-4f4b-8339-539fda537f8f,29,17/10/2022,012A,Female,placeholderdomain info
ae2be4f2-38ff-4e6b-ba4e-d745648e442b,48,21/10/2020,,Female,
a82dccda-6961-4edb-afc9-e2b01dc46e40,74,1/1/2023,,Male,
8bb32571-8093-4a93-95cc-68bb6471d039,68,31/5/2022,,Male,
1948ed2f-0d6b-4c61-b272-0581a14bc135,48,8/4/2021,012A,Male,testdomain net
37601c3d-302e-4622-b1cf-6e7e7bce5848,28,26/11/2022,789C,Male,dummywebsite org
15b99ea7-d481-4dcf-964f-d974eef643ce,26,25/4/2021,012A,Male,example com
49e15021-bc8c-41e4-9630-b44e44547940,50,20/5/2022,345B,Female,dummywebsite org
42c48d0e-dc4f-4c99-a2c2-4ebcfe21d1ea,51,7/7/2022,789C,Female,placeholderdomain info
c3938779-1e3f-46d5-b9a2-12d3aab5016d,34,31/10/2020,789C,Female,testdomain net
dc29cfec-eec5-4fba-bc0a-d0925cb3b4e8,50,30/5/2021,,Male,
f673008c-b6f0-4233-9589-5bdfdd83d8c8,33,4/10/2020,345B,Male,placeholderdomain info
ab095450-7768-4a9d-9d9d-661cb3524f95,70,15/10/2020,,Male,
c890f827-d9c4-4eb2-9430-f59f5d6cac6f,52,11/8/2021,789C,Male,placeholderdomain info
2e50e725-9665-4894-8f18-7fa2f6a3f216,34,20/7/2021,,Male,
0f4bd130-9d11-4d36-8af2-1a52a3f19471,71,29/8/2022,,Female,
3e0c91f3-54cc-4203-a717-df4fa949fc97,32,28/8/2021,,Female,
b4d6b01f-4bed-4c77-9477-255a7c3e9af2,39,26/5/2020,789C,Male,testdomain net
4f593220-a9da-4e82-ae46-30d17a2b25a7,53,31/1/2022,345B,Female,testdomain net
da588d5e-f4cd-45d3-b255-825c4e1f244c,59,31/8/2022,012A,Male,testdomain net
0eb91af6-fe7c-44ad-b607-b07282f4c45a,23,25/1/2021,789C,Polygender,testdomain net
46b58e6d-c75c-4c5f-8d4b-b661a74efca7,29,8/9/2022,,Male,
973ef8ea-1276-4e39-8429-91b2e3650da4,57,4/3/2023,,Female,
c1ce46ac-7649-4ccc-8de5-97320af9ee98,74,20/11/2021,,Male,
846d0039-5adc-4ffd-9e2d-3db7082d8b31,27,22/11/2021,345B,Polygender,testdomain net
1449d643-6f9c-4a3b-8f40-b372dee516c0,43,7/7/2022,012A,Male,placeholderdomain info
8527e6f4-a014-4629-90cb-7c617e7ef980,31,1/8/2022,789C,Female,placeholderdomain info
48a17b35-320e-4968-b829-a4b418b306f6,50,16/2/2023,345B,Female,example com
e29905ee-5008-44b6-addd-9374d0eddb11,71,21/9/2020,345B,Male,example com
0b932ece-c61e-4954-92ef-6b4c2f6c2949,33,16/9/2020,345B,Female,testdomain net
ea53ce6a-18ff-4fa1-be25-17a39c3f5d33,56,7/11/2020,345B,Female,testdomain net
6ef0ef3b-72a6-441f-9d1a-8e47d43e5832,31,28/1/2022,345B,Male,placeholderdomain info
0b9d8cb3-daeb-4ebf-8b99-06ca86545555,36,13/3/2023,789C,Female,dummywebsite org
3af73ba5-7389-4cc3-8702-cddfd44273a5,70,17/1/2023,012A,Male,placeholderdomain info
a062a4af-a7ac-425a-94e2-35876dcd3610,31,11/1/2022,789C,Male,testdomain net
a376496e-7c7d-45b1-9e15-5226d255b45a,76,21/5/2021,012A,Male,testdomain net
138b4fa9-7ce8-4b33-81de-56f382f40747,54,3/3/2022,012A,Genderqueer,placeholderdomain info
694ecf71-a0ea-4dca-ae82-466949d4a3fc,43,5/11/2021,789C,Male,placeholderdomain info
1c67669d-a699-4f5b-844e-524cbb30380d,78,24/1/2021,,Female,
ab3bd985-be9c-4353-abe1-08c9b660660a,50,26/4/2023,,Female,
4bae6a3c-ed21-4ab6-b721-cb08f2dab805,62,20/11/2020,,Male,
273d1a56-b461-4b4a-beae-2b814cea089d,22,19/6/2021,345B,Female,example com
9be964c3-ff9a-4236-80b7-18beb71a13e4,65,10/5/2022,789C,Female,dummywebsite org
28ac3bdf-bcc3-42d9-85ea-de924311169a,71,16/12/2020,,Male,
83133bd8-40f7-451d-aee9-f22a78327b0b,74,12/2/2021,789C,Female,placeholderdomain info
17b3f67e-a95b-456f-88d1-e5cac231c216,56,2/11/2021,,Female,
acb7fd3f-f933-413d-9b12-ade8b7c4294e,49,28/3/2022,789C,Non-binary,dummywebsite org
1dc8cbf0-3ca6-45cf-b0a7-bbcc125d64f8,29,14/3/2022,345B,Male,example com
d5a56202-c7c5-48b9-946d-83586573c9f7,25,25/2/2021,,Male,
e433792e-8a1e-4fd8-aa7b-dad777830215,63,26/11/2021,,Female,
7e1e7f1c-ef7a-4688-bad5-207a3fa2cd45,36,30/4/2022,345B,Female,example com
28652085-551b-47d6-adf2-8b9d0237e45e,34,23/4/2021,789C,Female,dummywebsite org
771b981c-e4ff-487a-92e3-503744bdf407,61,4/3/2021,,Female,
1c616bf0-7578-4579-8aab-f94517f2a5ca,71,10/1/2021,,Male,
d5f09903-113e-40dc-8e7c-a6c1e85136e9,51,27/10/2020,012A,Female,testdomain net
8073f390-fb24-476d-82d6-46cb239433ee,40,14/5/2022,345B,Female,dummywebsite org
7f867044-fa92-421a-9787-06ea33b99b64,26,31/1/2021,012A,Female,dummywebsite org
9a4030a0-3622-4a62-8aed-a6e264cc4b73,52,31/5/2020,,Female,
cd1aae5f-4667-4f39-822c-1720ac7be229,67,24/9/2022,789C,Female,example com
19ef2bfd-2d8d-4873-a561-a321d8877093,48,8/11/2021,789C,Female,example com
88b42947-6e7a-4570-b9ac-c621186b1bd9,31,9/1/2021,345B,Male,placeholderdomain info
02d9b211-3a66-44dc-b2a6-b35faf2aa7de,78,6/2/2021,012A,Male,testdomain net
f370224f-1e42-4cc2-9d98-8a1dfe77a164,61,30/12/2021,012A,Female,placeholderdomain info
90277ea3-f553-4ad3-8283-b8107b2c7327,54,13/12/2022,345B,Female,testdomain net
a7a05af7-e1ae-4cca-9ab4-21c80ea4779a,37,4/2/2022,345B,Female,example com
993dddbc-b284-4656-ba4d-d8421ba8620f,61,25/9/2020,012A,Male,testdomain net
918edcc7-b17a-42b8-b87f-d5ad59c26eed,70,3/10/2022,,Female,
a7580061-2197-4b61-b538-41eed90f07ae,39,12/10/2022,345B,Female,dummywebsite org
bbfdc42a-9d20-4c8b-b943-1fc26d8c6820,34,18/11/2021,789C,Male,example com
4d04f0cf-2649-4189-8d32-9b34249c37a6,68,25/1/2021,789C,Female,testdomain net
842dc373-dde7-4883-a065-991e079c9354,35,27/5/2021,,Male,
fec686cf-8bca-4d26-b0ca-d659b8a91c7d,59,12/2/2022,789C,Female,testdomain net
7f7dd092-491b-4dd9-8f35-ed793295617b,50,5/4/2023,012A,Male,placeholderdomain info
6c17f308-0308-4b67-a280-dfee9b858b52,62,24/5/2023,012A,Male,testdomain net
0940ea78-096c-4605-81aa-7525ca2d14a0,40,23/5/2021,012A,Male,placeholderdomain info
00fe562c-3d08-46e9-8600-45a80eaedda1,41,30/12/2022,012A,Female,testdomain net
72f85f3a-f82a-438d-b95b-f710f77a2ab0,78,27/6/2021,789C,Female,placeholderdomain info
51d8fda7-c45e-4548-ab39-598f67c48003,32,3/12/2022,012A,Polygender,dummywebsite org
1d084a08-ec7e-45d4-978b-b47d9ed0796f,31,27/2/2021,345B,Male,placeholderdomain info
60e4ea95-6c1e-4758-a3d3-19acdb1e53ae,62,9/10/2021,,Female,
baf41f2d-ce1a-4f06-bc33-19d381094e47,22,17/3/2022,012A,Male,testdomain net
29ac2acb-ea5a-4fb9-9d97-b0dd4ce32bfc,37,30/12/2022,345B,Female,testdomain net
cc0fb9bc-aa46-44a4-9905-b790226bc637,45,13/11/2021,,Male,
8fe670c1-42b3-4835-9196-051379821245,60,14/4/2023,,Male,
cc70d87c-cb46-42af-a1be-8fc6e83c2c84,55,15/9/2020,345B,Female,dummywebsite org
a0225695-45f8-4d29-9b78-c1c8118c34b3,50,13/7/2021,789C,Female,placeholderdomain info
5d1a6268-57f5-4f08-8cf3-84b59b4097be,35,29/1/2023,,Female,
2e8c934c-0ce9-4961-b85e-fe18165f1dc2,70,7/10/2022,,Male,
5caf19a9-5b34-4f82-8f05-9117910fb954,52,24/3/2023,,Male,
c74a1dc4-d70c-4cf7-a072-a19486bf0ffc,42,1/6/2020,,Male,
aacdd0a1-1356-4a52-a4d8-c1e9d52e7fb4,37,8/9/2022,012A,Female,example com
1317490c-809e-49c9-bc5e-04dde6a08dbe,65,3/3/2022,,Female,
9772a0ac-e957-4685-9334-cf4e94250598,75,18/9/2020,789C,Female,testdomain net
5f762710-8a30-4f5b-9fe3-487bb02fbe84,62,31/3/2022,789C,Female,testdomain net
064d0eb9-4199-4571-8218-be0279333358,68,1/3/2022,,Male,
a40e075a-5911-4131-b98b-4281507426e8,72,7/8/2020,345B,Male,dummywebsite org
74657fed-236c-4cbb-aad6-a752116b5931,64,2/9/2020,789C,Female,example com
0fdab45b-265b-4b5c-89d1-25d39e39ff46,78,11/9/2021,,Male,
ca0a2b01-0b6e-457c-9bdf-7f7c060e47ca,53,6/5/2022,345B,Male,dummywebsite org
467d0071-b651-4b28-a73a-11176acf3937,48,25/8/2022,,Non-binary,
9e9c1bf3-a89a-45bd-b041-20e78a025d90,35,19/12/2020,345B,Female,example com
16d6c6b9-ef93-47da-80d3-2996ffa58491,28,17/7/2022,,Male,
91869b5f-8b0a-4033-b55f-df4fe88e1d35,55,9/8/2020,345B,Male,placeholderdomain info
4de7cb58-b638-40e1-ae85-33327b77d0d5,59,24/10/2021,345B,Male,testdomain net
d4a6f245-ee9b-4ad9-9c7a-ec4a26630eeb,22,11/3/2023,789C,Male,dummywebsite org
f6c44872-1e53-4f93-8f50-e8d2b3450ad5,52,9/8/2020,,Female,
d196165d-422c-48ca-8edb-52081efcf25a,60,25/8/2020,012A,Female,placeholderdomain info
c13fdbd8-d203-4dc2-b898-9017d6d047a5,53,24/5/2022,012A,Male,example com
5d74068a-0cad-4fd5-919e-7383da16da54,35,5/3/2022,789C,Male,example com
aa07775a-2c5f-4ca0-8688-d3d25cdef666,70,4/8/2022,345B,Non-binary,dummywebsite org
1cfd7e16-8a5f-4ef0-a0f4-ae62cf5d7652,34,18/11/2022,345B,Male,placeholderdomain info
87881833-7394-4211-a901-9fffd38c9248,46,6/11/2021,012A,Male,placeholderdomain info
93f4fd78-509d-4d0c-8139-9dc2f7de29f4,45,13/4/2023,789C,Male,example com
ae8f32ef-ced1-45f3-aacb-468bc2ed0199,52,31/10/2021,789C,Male,example com
f0ab43ad-e776-4416-a368-d386095c7d33,59,12/12/2021,012A,Male,placeholderdomain info
2ebf91b5-9477-4268-b65e-0e125190b159,22,24/11/2022,012A,Bigender,placeholderdomain info
15b23aed-eb5d-4ff2-adb9-618873a4e2c6,28,23/7/2020,789C,Male,example com
7dc70c70-363e-4cf8-a6a2-74425682ecb7,32,13/7/2022,,Genderfluid,
c2aa754c-c2db-4c68-9315-93147ed52e28,37,31/8/2021,789C,Female,example com
06579116-e6ed-4419-b1bb-b5865b89b0cf,60,17/8/2021,345B,Male,dummywebsite org
d9990ce4-5737-4818-a4d0-3fdad608a02b,77,22/8/2020,,Male,
fea010ed-a2fc-4956-85c8-4c35d53a5542,27,12/2/2021,,Male,
9f33ec33-94ce-4afc-b2d4-1d87f7d6e9ba,31,25/8/2020,345B,Female,testdomain net
25fd5080-4365-4b1e-8f36-dec7236cf619,65,31/1/2023,789C,Female,dummywebsite org
c3bb3624-9b3a-44cf-976c-d60fa9892365,30,17/4/2023,,Female,
29aa97d5-9f84-4a37-a37c-29bc29463559,21,30/7/2020,012A,Female,testdomain net
2b8a2319-b13b-4abc-9ee4-9cd18ba23875,32,10/9/2020,345B,Male,testdomain net
b1e47392-147f-4785-af81-deb0f2540e8f,60,22/9/2021,,Female,
26aa45a1-6707-4e9a-9e12-8c04a22c9ff1,78,22/7/2020,,Female,
79a677ed-e167-4f13-b470-86b570756479,48,31/10/2022,,Genderqueer,
d6e530a0-ef8e-4911-9074-1205cb56efd2,27,11/8/2020,,Male,
99d795fc-8ed4-46da-a0b6-0c0aea6575a6,68,8/5/2023,789C,Female,example com
004a910d-53d8-462d-aded-50d9f0856735,51,9/1/2023,789C,Male,example com
198a423d-277b-40e0-a7e9-89c7f3432622,60,26/7/2021,012A,Female,dummywebsite org
3dec966a-6072-4284-85b1-508e01ec1822,22,24/11/2022,345B,Female,testdomain net
d4c61f63-5b02-46fa-a6e0-447be329e8b5,68,23/9/2021,789C,Male,testdomain net
342e73f8-6e63-493f-aa47-a7e4dc981d5f,61,15/3/2023,012A,Male,dummywebsite org
fb98b754-4ed0-4224-be6e-7b883b23094e,65,13/10/2021,,Female,
9632ac38-b167-451e-8908-67239fc84459,21,27/5/2022,012A,Female,testdomain net
8255a4ab-d6ba-4e61-aec2-ea48a6ffb826,47,3/7/2022,012A,Female,testdomain net
1a96c97e-579b-4421-9c85-0a8e19809974,73,24/5/2023,345B,Male,dummywebsite org
6e03d69b-c97a-42a5-8c9f-3258308ffe89,49,3/12/2020,789C,Male,placeholderdomain info
9f793710-e8ca-4d2f-8fe6-0770a5fa046d,28,13/3/2022,345B,Female,testdomain net
07fceff1-2a6c-4031-8bae-aa3466b85e17,42,12/6/2022,012A,Male,testdomain net
a14f4b8b-7fea-4215-8366-146f893ca186,33,20/6/2022,789C,Female,dummywebsite org
6949e3fb-0e92-4076-a56e-9340b1ec03d6,66,5/10/2020,,Female,
2ffa245a-eeb6-4335-a3f5-8e0da40eedae,59,21/1/2023,012A,Female,testdomain net
102ce6dd-eac1-4da9-8077-549a7a02d9c8,47,30/3/2022,,Female,
2fc98dad-d014-4436-a821-60e7acd07823,69,6/12/2021,,Female,
770523f6-1ec1-420f-bd00-f2f3b8e229f5,41,11/7/2022,,Male,
073ba1ac-2f1c-43e4-8e4e-a524b520293a,63,11/2/2021,789C,Female,example com
41bd0cda-e6e8-4dc4-9260-406ad81835ac,68,25/1/2021,,Male,
4321fbf5-0bc2-48d9-840f-e57a539a7634,73,24/8/2020,345B,Male,dummywebsite org
a7d192d1-de5b-4812-aff8-a38f4c105534,75,23/12/2022,012A,Female,example com
28f230e5-2658-4eab-acda-35c7eb33a317,28,9/11/2022,012A,Female,example com
361fb668-d7f8-4625-bae4-e0f7a2f2d584,41,5/5/2022,789C,Polygender,example com
940777c7-011e-4a3f-8c10-149e67f99071,69,21/1/2021,,Female,
7a11d1df-cc13-4b4a-8dee-17ee3c16fb3a,52,24/1/2023,012A,Male,example com
57138bc5-6ee7-4aca-a267-6d71ba3e5241,71,25/1/2021,789C,Female,testdomain net
260e97df-abbd-4896-8393-70a722297045,60,10/9/2020,,Male,
08ca3a84-362c-47c0-abac-5dffdf732ca0,57,29/8/2022,,Male,
335f4779-98dc-4127-9204-3dbd27b55ae7,58,24/11/2021,012A,Female,example com
df9e816e-cd2f-4433-8f31-ab3ea81cdf3e,52,16/6/2022,789C,Male,example com
cd857737-5829-47ba-ae32-95331f9a0a21,74,26/5/2020,789C,Female,dummywebsite org
09d40cab-27e5-44ff-8777-d8b3a7e37802,58,12/8/2021,789C,Female,placeholderdomain info
938263c3-021b-4e34-845a-47a40437b221,56,4/1/2022,345B,Male,testdomain net
f535f381-b564-4451-9943-95d572b45dc2,27,26/10/2021,,Female,
535bac94-5d54-4e9d-b6e3-2d345018ec90,21,17/7/2022,,Male,
c53d5c87-fb0f-405e-9720-50bd4697e72b,55,29/9/2022,789C,Female,placeholderdomain info
f94b0ae5-f51d-4a5d-b6c5-2a8cfeb9d5db,72,19/2/2022,345B,Male,dummywebsite org
2405b65a-44f7-41ea-8af9-2aea550a9b7a,25,20/4/2022,345B,Female,placeholderdomain info
da6c08d7-313d-4c9b-80d3-9a1ede73476b,79,26/2/2022,345B,Agender,testdomain net
dfa50380-478e-42f8-ad72-049779c43663,23,26/5/2020,012A,Male,example com
1483eb52-11a8-4333-ae8b-d71892bff844,64,11/6/2022,789C,Male,example com
d5c709f3-326e-4359-aa80-8a5502752f98,42,20/8/2022,345B,Male,example com
35beebbf-1a69-492a-a056-4a66415e93eb,41,8/11/2020,012A,Female,dummywebsite org
470b733d-64ff-475a-b85f-f73b25f9d113,54,20/6/2021,,Male,
a5299d3a-15b2-4bcb-8d5f-a230dc93737d,30,29/5/2022,345B,Female,placeholderdomain info
dd197c4c-d68c-4838-aebf-8ef02b94bf4a,44,1/10/2022,,Male,
17e16f35-0d01-4623-8e67-0dabefd40db7,25,14/9/2020,,Female,
e985310c-233e-4240-ad19-5b2094464603,40,20/9/2022,,Male,
f8fb6553-64ab-48d4-9eca-d7af9bc836f3,79,17/12/2020,789C,Female,placeholderdomain info
1f236e41-c240-40a0-8560-4921e98ee764,73,1/7/2020,789C,Male,dummywebsite org
7c6f74ac-d736-48d5-b8de-afb77f97601d,74,1/1/2022,,Male,
2d01b6ad-ac89-4c56-89e2-df6991bd03e8,41,10/3/2022,,Male,
dd372435-899a-4a7e-ac1a-3f4638367013,69,7/6/2022,789C,Female,testdomain net
9965eedc-3d4a-4ffd-8901-b99e0f412e27,65,27/4/2023,,Female,
53a4abea-7ca1-421e-85b2-9400b10e9bcd,48,29/10/2020,789C,Female,testdomain net
d8100d31-a2ba-4312-8267-e7c82b297f60,72,18/12/2020,,Genderfluid,
ed1790a6-8897-4e65-8ddc-bd887481f64a,76,9/5/2021,345B,Male,placeholderdomain info
4bab0b1c-912e-465d-a4b3-05bcc75c7832,80,26/5/2021,789C,Male,example com
400080cc-3337-4dda-92a5-22321e8d95f6,77,3/4/2023,,Female,
eb76fd0e-c0d0-493d-a4e3-75a7b1b99f53,68,13/9/2020,789C,Male,placeholderdomain info
b0345ff9-a781-4941-97ff-7931096aaeab,62,20/12/2021,345B,Male,testdomain net
36109b87-7780-4e01-9afd-e8584caab066,51,9/4/2021,,Female,
7ee7cbd9-c348-4b9a-af9b-59e586a599d5,71,10/1/2022,345B,Male,example com
a5b677fb-fcdd-4d77-a229-a80b32aeb489,43,1/4/2021,,Male,
0e6cc734-9391-4dae-b457-0513c1f20233,43,30/7/2021,012A,Agender,example com
446b62be-72f4-47ff-bf03-22ec346970ea,29,24/5/2022,345B,Male,dummywebsite org
93a24df6-2ef2-46b1-8759-2b9d0b32382e,69,14/12/2021,012A,Male,placeholderdomain info
cf5b024e-61eb-40e0-8eeb-fd88b1ef685a,51,29/10/2022,789C,Female,example com
0cea8a84-8731-4fec-82b6-d99e6d92d107,55,21/9/2021,,Male,
a2031ed4-8a58-4415-9048-b7ab5644d4b7,75,4/5/2021,012A,Male,placeholderdomain info
a2b0d4e9-4038-4253-ba61-61b39ca83755,58,1/4/2023,789C,Bigender,testdomain net
3da3e0c1-356a-44f1-814d-66b8c6e5413b,32,8/12/2020,,Female,
2c1372cf-4e01-4722-a6fe-751109f9d4cd,51,5/1/2022,,Female,
bb9c3655-b4cd-4465-af00-612cd27f5f4c,35,27/7/2020,789C,Female,example com
07f12744-9657-45c7-b8e7-0e411d63108f,44,15/5/2022,,Female,
197abc8f-7c4e-43c0-8039-4b6c6999b312,26,12/6/2020,,Female,
40471a23-ffa6-402f-aeed-f8cc92dc956a,56,19/1/2022,,Male,
b3fc82f7-2879-45e0-9c09-478325615713,25,26/7/2022,789C,Male,placeholderdomain info
62b18b2f-2ee2-4784-bb5d-908f44d13570,63,13/12/2022,,Male,
f5fbadbc-44db-4619-83ba-63191745a89d,47,6/7/2020,345B,Male,dummywebsite org
a94722fa-23fe-4ddb-b7dc-91891a217542,57,27/11/2020,345B,Male,dummywebsite org
7a86272e-ae71-4639-8ac9-879ab9542db6,22,27/1/2021,345B,Male,example com
9ee0b004-712a-4abb-ad5e-7c37114234de,69,30/7/2022,345B,Female,dummywebsite org
899ccc6f-c375-4703-825f-a53535986c4c,44,5/7/2021,789C,Female,dummywebsite org
cb4c910b-f3ae-4437-9d80-6fba94f56aec,37,6/7/2020,012A,Female,placeholderdomain info
8b639081-cf0f-4c57-ae2b-80bc7dc947d8,31,10/6/2022,,Agender,
94d1ac0a-b603-48a0-b450-a22162849b60,58,26/3/2022,012A,Male,testdomain net
32c1f2fd-462d-4616-a29c-16692ef2e860,76,9/2/2022,012A,Male,dummywebsite org
8290f6cb-053e-462e-96b6-1d6e0a9e6d5e,42,29/7/2020,,Male,
3496d6e8-4c5f-4d10-873d-1ab685d6b1a6,63,12/9/2020,012A,Male,testdomain net
8b2a07ba-4c79-400e-a7c2-17a1d20a5503,74,30/8/2020,,Female,
11cb37c4-edd8-4c3b-82da-d62cad7082da,28,22/1/2023,,Male,
44c8ec7d-f5af-44e9-8e49-df88ec6cd6a7,80,17/10/2020,789C,Female,testdomain net
4f9f3328-a340-4b7a-9bab-da0e1ff6d23d,48,24/4/2023,345B,Female,dummywebsite org
4c8d2f09-f882-4cde-89b0-f6b91a0fd5a4,46,25/2/2022,789C,Female,example com
91b522b4-d9f0-4011-8491-ed70267cde1e,76,5/10/2021,,Male,
0b4762b6-88cf-40be-a8cb-765eddda929a,52,15/11/2020,,Genderfluid,
aa30ce84-47f0-4371-b928-02c82893d8f6,73,21/8/2020,,Female,
b6905561-87a3-41cc-9b4a-4235a39e8568,49,12/7/2020,012A,Male,testdomain net
4d8a67fe-9e89-4d0e-b62d-b741ceab63b9,49,29/4/2023,012A,Male,placeholderdomain info
05e22526-1528-4ea2-9c3f-fc356f7461a5,47,30/5/2022,345B,Polygender,placeholderdomain info
4ff0fe53-f1d2-44e1-b424-0554cc68984e,45,2/3/2021,789C,Polygender,testdomain net
955ba377-e529-424f-963e-996f7d654b64,63,8/3/2023,012A,Male,placeholderdomain info
fd9f1f46-3856-49c4-b7eb-3cd84b3ccc7c,32,29/10/2022,789C,Male,placeholderdomain info
004d8943-b708-4a04-b721-be697191f990,25,16/10/2020,789C,Female,dummywebsite org
3bb0e69e-0a29-4794-acf6-ebf4bef200e8,29,31/10/2022,789C,Female,testdomain net
4e12134e-f94a-4015-b026-c11f9e42e822,60,26/1/2023,789C,Male,placeholderdomain info
f3490a76-6c9d-4019-a9c9-0927e9ad5d0c,33,24/3/2023,789C,Male,dummywebsite org
3fc8730a-8d1d-46a9-b42f-3a9b7112b652,64,1/10/2022,789C,Female,example com
e37706c1-fba5-4435-b25e-07be05a3a685,48,3/12/2022,012A,Female,placeholderdomain info
6ca57a46-fd4e-4e6b-9ade-df57e599452d,80,20/11/2022,,Female,
18d57089-ad81-44ee-9bed-b1002a384bf9,37,17/2/2022,,Bigender,
70c394da-e899-4f24-8643-e037d9663adf,41,24/2/2022,,Female,
c6d6cd7c-860b-42cf-8a6b-3797077fa302,56,4/11/2022,,Female,
4d50a42c-a520-417b-a6ed-386d701406fc,36,12/5/2022,,Male,
515e8411-208b-4e9a-bebc-d732b1364dcf,61,7/1/2022,789C,Male,dummywebsite org
3d675fb1-6f23-4506-a2fc-b88a9fe03fe7,41,17/3/2021,012A,Male,example com
d8fb6696-02a6-432d-a946-3b15acf8071f,73,7/2/2022,,Agender,
1fd5e623-7c20-4a7e-9538-f83641def852,34,11/2/2023,789C,Genderqueer,testdomain net
a453cff3-1fe8-431d-9926-68d946cfcd2b,35,31/8/2022,,Female,
2f38a18f-bc50-4fb9-8313-863d56e45c1f,40,15/4/2023,,Male,
4d28ee7f-04f5-4160-a0ca-f22738f50e4d,64,26/2/2021,789C,Genderfluid,dummywebsite org
ce7e07b3-3a63-417b-b5c5-2d8c9ff66d5e,65,25/7/2021,,Male,
5215f413-a23d-4539-9a80-9ed804844030,21,15/7/2020,345B,Genderfluid,example com
f359b950-7d4e-4f28-8fb8-b1f8a1a3fc35,27,6/11/2021,,Female,
13ce724d-acda-4414-bb07-96e4fda8b0b0,22,19/1/2022,789C,Male,testdomain net
ff6fe6c6-5c82-40bf-b5e4-bec5c0925413,38,27/1/2021,,Male,
88a0b966-0a95-4651-908d-d515ba8ab3b4,50,19/6/2021,,Female,
6de63893-480d-4e23-a5ee-04a971c56e3c,30,28/5/2022,,Male,
e4a463b8-94cd-4f57-bd96-1b08db61a4f9,30,2/4/2023,012A,Female,testdomain net
7460d20b-059b-4085-9d76-12e43cb99b05,55,18/7/2020,,Female,
e1ca6402-54ab-4b81-8e45-1b1dfb92923e,58,9/3/2021,345B,Female,dummywebsite org
7259d2b2-c0af-459d-afec-f4b667a9260a,28,7/10/2022,789C,Male,example com
59121707-8c24-4dfa-9858-cbe572827038,45,21/7/2021,345B,Male,placeholderdomain info
17df6929-6c21-4841-a020-d2bc2638cd42,62,19/2/2023,,Male,
55a2fbaa-ccc3-46e0-82eb-d563f02ddbd4,69,16/8/2022,012A,Female,example com
d9678edd-f4b9-4a28-a57e-f53087ea60ec,66,8/12/2022,345B,Agender,example com
296934eb-c6c4-4fb6-b422-7728054bbce9,45,2/6/2021,345B,Female,dummywebsite org
7aa94667-d17f-40e3-a070-9ffa3431d7e5,45,16/11/2022,789C,Male,testdomain net
371d53e3-0330-4e15-9788-70631cbb7e33,46,3/10/2022,345B,Male,placeholderdomain info
0512f90e-9516-4ec4-8374-5b65e6c0c693,41,15/7/2021,012A,Agender,example com
15fea2f3-1ab6-4fd1-ad7e-1f61a2429513,73,29/3/2023,,Female,
0a1180b9-2460-42f2-a037-db6db5e7d828,48,10/11/2021,012A,Female,dummywebsite org
d4465dae-f7e6-429c-a990-b8e6b015c0be,35,4/4/2021,345B,Male,placeholderdomain info
d75b10c1-30fb-4e10-be4c-faf6e8f11ca6,40,7/1/2023,789C,Female,example com
53b4eea0-f758-491e-8551-d5907939cbf1,75,29/5/2020,,Female,
d34a1d44-efa6-4e4c-9e19-af0558f599b9,50,27/1/2023,789C,Male,dummywebsite org
e9ed13c7-4fa4-405b-9ab3-c5da60f7b44b,43,4/3/2022,012A,Female,testdomain net
1410892e-93dd-4fa0-af0f-475a1805508a,27,6/6/2020,,Male,
e0795a29-f627-4c96-b1da-f89204a389f4,36,19/7/2020,012A,Male,example com
f2beb6c7-3298-437d-b191-2c097b18b73e,50,22/10/2020,,Male,
732310af-c0de-48a2-a629-64f56e0675bd,29,2/3/2023,,Male,
5a1385a2-a396-4700-9668-5023ca4e4654,58,28/6/2020,,Male,
3abd038e-626d-4236-967d-6ac96c4c2f40,42,28/2/2023,345B,Female,dummywebsite org
43f21e1e-1a94-4884-aba1-bc39a24156ec,26,4/3/2023,345B,Female,dummywebsite org
03432982-5e0e-4f93-9831-ebf11e85efab,28,23/2/2022,345B,Male,example com
e7d401f2-21cd-484f-8642-1b1694e8c47a,51,18/9/2020,012A,Female,dummywebsite org
ccfeb3cd-8b65-4cb8-b94f-9fac36b75a36,33,15/3/2023,012A,Female,example com
3617a7be-36ce-421a-9fd2-ffab1703a498,53,22/10/2020,,Female,
c9bec883-06d1-42cb-8c65-d839f9f09571,57,26/6/2022,,Female,
8c089763-a757-40c9-95b4-e64c984b0a3f,61,3/2/2022,345B,Male,example com
c2ab90c7-5a7b-456c-871a-83ef4a14e5e0,42,28/9/2021,789C,Female,dummywebsite org
4eaeb3d1-21bd-41af-b28b-db76ae27e463,69,8/2/2023,,Female,
71aa7af5-040a-4101-89c1-de41786b9f3f,66,20/11/2021,345B,Male,dummywebsite org
3c8a1603-a183-436a-be3e-8c357722259e,73,3/7/2022,012A,Female,testdomain net
cbee0257-5c99-4c73-99f4-5078873fcb83,77,8/5/2021,012A,Female,example com
866c7b4a-d752-4718-a316-cd1827b0b550,43,1/1/2023,,Agender,
8055a053-5b69-4011-b5f5-7592f289a5dc,50,24/6/2022,012A,Male,example com
74353ffc-0344-418f-bb5d-9513f959b320,23,1/12/2022,789C,Female,testdomain net
7090c305-dbc0-4905-a1e8-9e4d7cc54bcc,59,15/12/2022,012A,Male,example com
3905cb30-369f-4a16-9593-526ab8ba43ef,59,18/12/2020,345B,Male,testdomain net
eb0dbd02-18ee-40bb-a049-58804ab4f93a,70,14/5/2022,,Female,
e767c5a4-94d7-4fe2-9f05-3265c43610cb,39,28/11/2020,345B,Male,placeholderdomain info
cb643b33-1884-4729-a23a-6bc48b1a32ea,42,1/7/2020,,Male,
fbebf4ce-19d9-4763-94b8-cac72473bcb0,60,5/9/2021,345B,Male,example com
2a525d26-9a19-4c2b-8bbb-944ae4d83473,48,19/1/2021,,Female,
107677b2-a81f-4faf-97fa-7b014d03d604,38,4/12/2022,,Female,
b4b23029-2854-4a74-8919-7c74b489bf94,47,26/1/2023,789C,Female,placeholderdomain info
5c811408-326f-4f83-8212-941da7160ed4,57,19/8/2022,012A,Female,example com
a417b39b-ce73-42f9-a940-08abddcf9ee5,73,15/3/2023,,Female,
1849bb25-1460-465a-bab5-aa55f33cc3a2,54,14/3/2023,,Male,
1a621a97-5951-401b-a780-95e000619648,29,15/7/2021,345B,Female,placeholderdomain info
9cc2f78f-4b90-436e-880a-00614e8ff4e1,27,1/9/2021,345B,Polygender,testdomain net
3ef30591-0a4f-4873-9d7e-d18f646c62f5,48,5/1/2023,345B,Bigender,example com
247dd593-1090-4f95-b504-b910c962de49,80,24/2/2022,,Female,
cd5afabc-2113-45f2-8d6f-f4fff1eea3fb,35,8/5/2022,012A,Female,placeholderdomain info
059d1f42-90d7-496b-86d0-dd43ba19f768,67,14/1/2021,789C,Male,placeholderdomain info
8cf59b19-4518-4924-9180-5f7c6ed1cb8b,44,4/3/2023,345B,Agender,testdomain net
4dffd658-8f82-4724-a07c-65434373c317,66,3/8/2020,789C,Male,example com
7e68b7a7-f8b8-452b-b248-6d6cb159bbb5,62,29/10/2022,,Male,
4dcd3bef-8320-4b4e-b4e9-b0f21c1ff5f0,34,23/1/2021,345B,Male,dummywebsite org
6faefde6-90b4-4587-b415-12d94270d977,61,26/7/2020,,Polygender,
0c746951-b952-47a0-9413-374a955c4f8d,37,22/12/2021,012A,Polygender,example com
046943e5-454d-4d31-b1e8-7f5767a11056,37,25/7/2020,345B,Female,dummywebsite org
449965f1-9a44-4213-b3aa-498b8a96a3a7,72,20/11/2022,012A,Female,dummywebsite org
975b645d-ca8c-4ec3-8d7c-6ad38096bcd3,41,19/11/2022,345B,Male,dummywebsite org
8bdeb552-172d-4f49-8d99-876f7bfe8650,37,4/3/2022,345B,Male,testdomain net
854a1d76-35a2-4371-b724-26248f7587bb,32,30/9/2022,,Male,
25350f9b-031f-49b1-b17f-2a90c68f79fd,67,1/4/2023,345B,Male,example com
243c7cc0-be20-4b33-9315-af1491117148,49,23/11/2020,789C,Male,example com
c2a6e46b-7c7e-4022-b8ee-857728b3ef9a,60,13/1/2022,,Polygender,
e1fbf6bb-cfa9-4b2c-a48b-e9fb3f9bf990,80,7/2/2022,345B,Female,placeholderdomain info
56bc58ef-5dfd-4eb4-b446-cf2b48dd993b,32,4/3/2022,345B,Female,testdomain net
32fb6d27-9ae9-4b49-895a-7cf989d98c79,60,29/5/2022,,Female,
2846c5ef-3eba-4226-8e2a-c84038624dc0,25,9/7/2020,789C,Female,placeholderdomain info
47152983-2481-418a-af0e-51dd5e8d3e46,31,17/5/2021,345B,Female,example com
7aa9af24-3577-4ef4-81bf-cd3b9504f64d,31,4/1/2023,345B,Male,testdomain net
a60ec3bc-ad9d-41c6-911c-9c573358a851,23,18/1/2023,,Male,
a39c4286-5a1c-4e45-9784-3c5ec353acc5,65,31/8/2022,345B,Female,placeholderdomain info
747a950b-2374-4189-85b4-9e41027516da,33,24/1/2022,012A,Female,placeholderdomain info
41256834-4aef-46f2-bc36-8542e3abc72b,61,29/10/2021,,Female,
fa15bb25-9816-45eb-950d-437232006677,55,10/2/2023,012A,Male,dummywebsite org
028cd3ad-c00d-4bcf-b674-737952cabeb5,65,23/1/2021,345B,Male,example com
262563fd-7d7b-41b1-a61e-b845972c00c1,51,10/10/2022,012A,Genderqueer,dummywebsite org
e5c5ca21-e448-4b2a-8629-98800362588f,47,29/3/2021,012A,Bigender,placeholderdomain info
ae4f018a-34f9-4644-a366-863227986fe7,80,27/1/2023,012A,Female,placeholderdomain info
2b5871d1-7a15-41df-a024-b41e4e8b0194,68,11/6/2022,012A,Male,placeholderdomain info
6f55595d-2c61-4740-b6e7-5a328c9bc571,47,26/3/2023,789C,Male,testdomain net
d5f0b37a-7eb7-4009-9aea-f9788c88e90f,47,12/12/2022,345B,Male,dummywebsite org
20e4c7f3-e055-40fa-8667-a63314da9b46,36,21/3/2022,,Female,
c589c09f-46f8-4a87-a45d-487ffb859d03,33,18/10/2020,,Male,
26bc9c26-98f9-43be-94cd-bf311c7786dd,77,18/4/2023,789C,Female,example com
9431ed4a-5d97-4ba2-8b28-4cba764956f1,37,11/11/2022,,Female,
0380a923-f373-4d24-be91-5ce1bfa8b999,68,11/9/2020,012A,Female,placeholderdomain info
8a7b5b28-f790-45bd-a0c0-84ad131f391e,44,9/5/2023,,Male,
e74b76d8-48ea-4ffa-8e7d-4598510d95cb,57,5/8/2021,,Male,
fb683dfe-44e0-4ebc-b75e-07fc4c12fc25,39,30/11/2020,012A,Female,placeholderdomain info
360a2602-4670-4719-8d76-566a897cdbc9,50,10/2/2021,789C,Female,testdomain net
8d626bd9-fc2c-40c9-98f5-02e51fff2d21,40,4/8/2022,345B,Genderfluid,example com
f4f578d3-8a6a-4407-baa9-60894df33468,65,10/12/2021,345B,Male,example com
3a0f4ddc-a7f0-4f1c-a715-cde9028dd37a,79,14/2/2021,345B,Male,dummywebsite org
ea49c94a-c594-4f5a-a79c-d9f3874fb6b4,51,12/4/2023,,Male,
5291c4d8-452c-4ae0-9c80-7de2a1618220,45,7/3/2021,,Female,
4ed27d16-a600-4f28-a6d0-53f9611b7583,39,24/10/2021,789C,Female,placeholderdomain info
019677e4-56c6-409a-a6b1-d23a4815e727,35,17/5/2023,,Female,
bd689ae5-8725-493f-b432-38cc5d3a6e57,47,28/12/2021,,Female,
a5a6104c-634e-4b83-89dc-62a597687ccf,41,22/2/2022,345B,Female,example com
bb82f224-07bb-4090-ac49-17cbf9883a80,64,3/1/2021,,Female,
235fb92a-f79c-41f8-8f3a-70b0e15454ac,65,3/9/2020,789C,Male,dummywebsite org
f014b6ad-da91-47a5-9126-1c331931677d,26,29/3/2021,012A,Male,testdomain net
1e837c38-6a5e-4ddd-9aca-105109dbfa86,25,22/11/2020,,Female,
76182153-bc04-4d19-a06a-306117fc6c37,55,10/10/2022,012A,Female,placeholderdomain info
de44e0e0-c1a0-4c4e-8a09-81dc09618631,52,28/7/2022,789C,Male,example com
29f72c00-d7cf-42d6-a12f-a54a5134c6b2,55,27/10/2022,345B,Male,example com
fd5dbc2f-196e-488e-9b99-e5f05584fb1b,47,20/2/2021,,Male,
9ca946fc-ce64-4e56-a38e-16527ff6fb6c,37,14/10/2022,,Male,
4b762e1c-1284-4f2e-89a7-f0fa67b273b0,26,10/7/2021,345B,Agender,dummywebsite org
ddd34126-4438-453c-abfc-aaba30e8e83e,28,13/10/2022,789C,Male,testdomain net
66c7e7b6-42c1-4b6a-9dfb-afa59e17dfe0,39,2/7/2022,345B,Male,dummywebsite org
0c1edc51-7222-467b-97d2-fac3ff51016b,73,17/4/2021,345B,Female,dummywebsite org
8c41055d-3f09-4287-8742-c49224d7aa79,37,18/10/2021,,Female,
621f7149-6d09-47cc-9294-17793f216837,46,16/11/2021,012A,Male,example com
f15d8172-0f96-48f6-a03c-22fb9aab03c4,23,23/6/2021,345B,Male,testdomain net
f336788f-9841-4be2-9d18-89028b36b8ce,50,29/9/2020,345B,Male,dummywebsite org
328a3e7f-11b5-4cd3-a28e-87c938e3b86e,44,10/1/2023,012A,Female,testdomain net
ed3a1ce9-5580-4f6b-acf5-e8acc17130d1,44,1/5/2023,012A,Female,dummywebsite org
79853983-fea8-48b5-8ee9-690bcf6ff2bc,56,19/1/2022,,Male,
ea488279-6526-45f9-b17b-dfba2253417a,51,12/10/2021,012A,Female,testdomain net
ca78bca9-cbe7-4722-b27b-c08586d6d483,59,9/7/2021,789C,Male,example com
30c60d23-05c5-4f24-be1a-b4d54224d5d6,44,22/8/2021,012A,Female,testdomain net
6f9e07fa-956d-4eb7-a782-f5f2431372a5,37,26/11/2021,789C,Female,dummywebsite org
6b053a38-2a87-43a2-bfaf-b58d0f579767,33,28/4/2021,,Female,
46cd0737-c8cc-46d1-9bd6-76e425ec663b,79,8/10/2020,012A,Female,testdomain net
09cda981-49fd-4370-8188-4cd1b633781f,42,28/3/2023,789C,Female,example com
b8713a30-9c8a-42fb-ba43-6312c32418d5,51,7/7/2020,789C,Male,example com
2984509b-5f51-46d6-96d0-2c128ecef66e,41,30/11/2021,,Female,
c0fee242-ac68-4eac-a4ed-7b962fe53900,70,8/8/2020,345B,Female,dummywebsite org
0f0b5806-960d-4f81-9be8-432c2d346d01,63,17/5/2021,345B,Male,testdomain net
3674eec3-ec90-4360-ae50-2b6075dad06b,50,13/11/2022,789C,Female,dummywebsite org
e4b4e4bc-5af8-4648-8a06-7a3724a5c2b1,25,23/11/2020,,Male,
b0b867ba-1b7f-415d-a731-913895192d04,26,24/5/2022,789C,Male,dummywebsite org
20f11a99-fe21-4b4e-a49d-fcbfd2117a6c,63,19/3/2021,,Male,
3ef041e5-1398-4ac7-a865-7d4a0876e63d,36,15/1/2021,,Female,
e97f2d47-c072-4081-bd42-f9776476adb5,61,22/11/2022,345B,Female,testdomain net
6a1c7493-34bf-48d1-9969-d53e9fc575c3,59,3/7/2020,345B,Male,example com
6f92f324-7e4c-4347-a759-dbb586b1bfe6,21,13/7/2020,789C,Male,testdomain net
12485fe4-01ac-4d3c-a496-f3b9c1d5baf4,78,14/5/2023,,Male,
46ca5c09-8f2e-421f-8f4f-81217c509676,53,21/11/2022,789C,Female,example com
29fdb90f-b295-46b7-9e56-e0be53f3acc0,70,10/4/2022,345B,Male,dummywebsite org
180c549a-8928-4254-804a-277a41856d95,30,28/12/2020,012A,Male,placeholderdomain info
80d154df-7c8a-48f8-8402-6ae6b3d84917,23,1/2/2022,,Female,
65408cba-283c-4499-b6b8-29e9b2177937,45,4/10/2020,012A,Female,example com
bd3cd4ad-e29c-4f26-b5ba-3309f41cc914,27,4/5/2021,789C,Male,testdomain net
e5f3277d-bbf9-46dc-a697-e5c2184c9848,31,6/11/2021,012A,Male,placeholderdomain info
75a027ed-3ac0-42b1-b107-80c725dcb71b,55,13/2/2022,789C,Non-binary,example com
cd71c5de-75a7-459e-b1ea-cca9d7320757,62,13/4/2023,,Male,
a425733c-467b-4cd7-b528-10169049e3e8,70,11/11/2020,012A,Male,placeholderdomain info
5bbb8ce8-fdb9-4ce2-a9b2-e08cdce6bb1f,46,18/4/2021,,Female,
ed60907c-ecf3-4631-882a-aafcf3e44dc7,43,26/5/2020,345B,Male,testdomain net
24056e24-ebf3-416e-ab0a-1ac6e526df57,78,23/1/2023,012A,Male,testdomain net
be5a927d-0509-4758-b9dd-f9f0f10faf55,74,18/8/2020,345B,Male,dummywebsite org
6aab6cfd-a7d9-426e-9bbf-aebfeebebde2,73,22/7/2022,789C,Female,example com
6b782286-e6c6-41e7-bc8f-1f7bf41a24aa,48,30/5/2020,,Female,
30ee8aef-8d4a-42a1-a01c-ab38b04e9f02,43,11/7/2022,345B,Male,testdomain net
3d09715e-400d-437e-9152-b343d0bb97f6,46,16/3/2022,,Male,
bcb4f0d3-0d2d-4be1-9500-a23f4e345677,35,27/12/2020,789C,Female,example com
817f0c9d-9b8a-40fc-94f1-0c2fc7fdf308,31,20/2/2022,,Male,
cd5d542f-113a-4c3c-84f6-889f1aeca3be,67,14/1/2021,012A,Bigender,placeholderdomain info
a6410b82-6f26-4f56-a891-0a4af22145f8,38,7/8/2022,345B,Female,placeholderdomain info
ef5b6427-3fb7-49f8-b444-52d178e4a9de,49,9/6/2020,345B,Bigender,placeholderdomain info
3e530e12-f47b-4a1f-9318-b483e8d8d2e3,78,24/8/2020,,Male,
e9492fda-8aac-4b1f-8866-5d37cab98c69,37,25/6/2022,345B,Genderfluid,placeholderdomain info
1cb9ed9e-d7d3-40fb-ac9d-c93bc4338be1,62,13/8/2020,789C,Female,dummywebsite org
b1e108eb-cc6e-4a7b-bab3-25411ccf0fb3,77,22/5/2022,012A,Male,example com
609ca969-718b-459e-866c-608540a4fab2,35,10/3/2021,,Polygender,
df7b9182-dd73-4c9e-bea6-28fc76b621bb,42,19/5/2023,345B,Male,dummywebsite org
f5c2a8dd-4a07-4a81-a1d1-d6561fb8aa15,64,15/4/2021,789C,Female,testdomain net
9e77d775-68f0-4f41-ab87-dfdcf938eec4,56,18/5/2023,,Male,
6d9239f1-a67e-43f2-acff-d72daf4294ed,58,27/4/2023,789C,Male,testdomain net
a318a596-2f35-4fab-9350-f7bdfd63c9e9,52,13/9/2022,012A,Female,example com
16b38d02-1504-4dfa-acd0-c210612e4c0f,28,10/2/2021,012A,Bigender,testdomain net
abdfea78-2d70-4da8-814d-3ff9d722718e,51,24/1/2022,,Female,
13d0f909-cb2e-4e2f-a0f4-653a0f39993d,39,28/8/2021,012A,Female,example com
7d218ba4-10fb-400c-a656-a4b87a39c712,40,31/3/2022,345B,Male,dummywebsite org
530cf21f-c2d5-43a7-bc3f-1fe83aa28191,40,18/1/2023,789C,Male,placeholderdomain info
913e6c99-f7fc-442c-a33f-f0f72ab270c2,48,10/10/2020,345B,Male,placeholderdomain info
4a4aa005-adaf-4fdb-b89a-0fc513815a46,57,12/11/2020,012A,Male,example com
b0d90f75-92f1-4710-bb12-15c7ca61a835,22,3/4/2021,345B,Male,dummywebsite org
cd756fc4-d11d-4c73-b356-a95b2e8e24a9,78,29/1/2022,789C,Male,example com
f986b377-f56a-4c25-9001-8a9c7c85ffc9,23,6/10/2021,012A,Bigender,testdomain net
eb9b8536-1e88-4124-9b57-4fc012db40c4,76,20/12/2021,789C,Male,dummywebsite org
31bc7b38-e184-40bf-9b4b-a4a01675a3ec,63,9/7/2020,012A,Male,dummywebsite org
a8bba434-7db3-4831-aeb5-71bc635fd92a,61,23/8/2022,012A,Male,example com
1cda74c8-069e-4b6f-80c3-32a630c215e7,28,8/5/2023,789C,Polygender,placeholderdomain info
90a06c58-cd9e-4ad7-9fdd-3aaaabc2c3ec,42,20/3/2022,,Male,
41f82dd1-0c8f-4fcd-9d6b-07684b6fedda,64,27/6/2022,345B,Male,placeholderdomain info
d39416dc-d50c-42b0-a329-57e71dc33e26,38,2/1/2021,012A,Male,placeholderdomain info
8f7a7393-2ce8-4569-a203-5310bc1e625e,68,29/8/2021,789C,Female,placeholderdomain info
